Date,Open,High,Low,Close,Volume,amount,outstanding_share,turnover,ticker
2019-11-05,10.69,10.76,10.6,10.71,3636180,37682798,331865255,0.010956796,sh603113
2019-11-06,10.72,10.76,10.58,10.59,3113405,32206137,331865255,0.009381533,sh603113
2019-11-07,10.61,10.77,10.61,10.73,2571683,26696635,331865255,0.007749178,sh603113
2019-11-08,10.88,10.88,10.69,10.7,2176668,22723179,331865255,0.006558891,sh603113
2019-11-11,10.67,10.67,10.38,10.41,3670805,37238143,331865255,0.011061131,sh603113
2019-11-12,10.41,10.5,10.37,10.5,1947274,19730985,331865255,0.005867665,sh603113
2019-11-13,10.48,10.57,10.44,10.51,1940619,19756376,331865255,0.005847611,sh603113
2019-11-14,10.53,10.57,10.44,10.52,1713705,17464222,331865255,0.005163858,sh603113
2019-11-15,10.51,10.53,10.41,10.43,1942017,19670781,331865255,0.005851824,sh603113
2019-11-18,10.43,10.49,10.36,10.47,1647660,16677135,331865255,0.004964846,sh603113
2019-11-19,10.45,10.62,10.45,10.59,3287853,33669172,331865255,0.009907193,sh603113
2019-11-20,10.57,10.79,10.55,10.67,3736290,38726435,331865255,0.011258455,sh603113
2019-11-21,10.67,10.73,10.55,10.57,3017054,31094144,331865255,0.009091202,sh603113
2019-11-22,10.57,10.67,10.39,10.45,4046030,41220589,331865255,0.012191785,sh603113
2019-11-25,10.55,10.92,10.54,10.8,9809293,102502458,331865255,0.02955806,sh603113
2019-11-26,10.67,10.77,10.62,10.62,6077584,62955739,331865255,0.018313409,sh603113
2019-11-27,10.55,10.6,10.43,10.47,4479800,45696602,331865255,0.013498852,sh603113
2019-11-28,10.48,10.5,10.41,10.41,3964132,40121672,331865255,0.011945005,sh603113
2019-11-29,10.5,10.52,10.41,10.48,2939448,29817275,331865255,0.008857354,sh603113
2019-12-02,10.51,10.52,10.41,10.41,2892900,29300685,331865255,0.008717092,sh603113
2019-12-03,10.41,10.47,10.35,10.47,2906495,29347121,331865255,0.008758058,sh603113
2019-12-04,10.46,10.51,10.41,10.46,2430117,24636129,331865255,0.007322601,sh603113
2019-12-05,10.51,10.58,10.47,10.57,3637179,37131001,331865255,0.010959807,sh603113
2019-12-06,10.56,10.65,10.54,10.63,3487274,35823273,331865255,0.010508102,sh603113
2019-12-09,10.69,10.69,10.58,10.67,3829336,39454970,331865255,0.011538828,sh603113
2019-12-10,10.64,10.65,10.51,10.6,3368769,34542239,331865255,0.010151014,sh603113
2019-12-11,10.57,10.65,10.56,10.6,2618395,26948816,331865255,0.007889934,sh603113
2019-12-12,10.58,10.6,10.49,10.5,3411600,34872940,331865255,0.010280076,sh603113
2019-12-13,10.54,10.7,10.54,10.67,4355257,44857632,331865255,0.01312357,sh603113
2019-12-16,10.78,10.8,10.65,10.79,5620871,58470359,331865255,0.016937208,sh603113
2019-12-17,10.78,10.98,10.74,10.94,8684815,91839760,331865255,0.026169703,sh603113
2019-12-18,10.91,11.0,10.87,10.88,7721443,81767595,331865255,0.023266801,sh603113
2019-12-19,10.88,11.11,10.87,11.06,7025769,74770377,331865255,0.021170547,sh603113
2019-12-20,11.04,11.1,10.95,10.95,5392380,57575663,331865255,0.016248703,sh603113
2019-12-23,10.94,10.99,10.67,10.69,4970200,52123581,331865255,0.01497656,sh603113
2019-12-24,10.69,10.95,10.69,10.93,3998529,41983888,331865255,0.012048652,sh603113
2019-12-25,10.94,11.01,10.85,10.9,3933200,41641078,331865255,0.011851798,sh603113
2019-12-26,10.89,11.17,10.89,11.16,8017049,85906057,331865255,0.024157542,sh603113
2019-12-27,11.16,11.21,10.99,11.03,7041830,75789586,331865255,0.021218943,sh603113
2019-12-30,11.03,11.14,10.9,11.13,5150831,54354755,331865255,0.01552085,sh603113
2019-12-31,11.07,11.3,11.06,11.28,6816206,73062186,331865255,0.020539077,sh603113
2020-01-02,11.36,11.42,11.27,11.28,10775383,116673923,331865255,0.032469151,sh603113
2020-01-03,11.31,11.41,11.23,11.32,6600896,71457091,331865255,0.01989029,sh603113
2020-01-06,11.24,11.46,11.2,11.39,8312970,90368884,331865255,0.025049233,sh603113
2020-01-07,11.41,11.83,11.41,11.69,14263196,159165734,331865255,0.042978877,sh603113
2020-01-08,11.61,11.91,11.45,11.45,14304143,159495001,331865255,0.043102261,sh603113
2020-01-09,11.59,11.78,11.59,11.67,7901594,88256243,331865255,0.023809645,sh603113
2020-01-10,11.67,11.79,11.5,11.59,5961783,66210976,331865255,0.017964469,sh603113
2020-01-13,11.54,11.62,11.41,11.58,5708677,62714584,331865255,0.017201792,sh603113
2020-01-14,11.58,11.67,11.53,11.56,5651673,62583535,331865255,0.017030023,sh603113
2020-01-15,11.53,11.6,11.43,11.45,4649025,51012702,331865255,0.014008773,sh603113
2020-01-16,11.48,11.75,11.48,11.5,6431069,71347637,331865255,0.019378555,sh603113
2020-01-17,11.47,11.69,11.47,11.56,4770792,52868507,331865255,0.01437569,sh603113
2020-01-20,11.51,11.61,11.43,11.5,4797775,52717005,331865255,0.014456997,sh603113
2020-01-21,11.47,11.47,11.18,11.19,6695473,72287754,331865255,0.020175276,sh603113
2020-01-22,11.2,11.23,10.98,11.22,4787496,50815362,331865255,0.014426024,sh603113
2020-01-23,11.12,11.17,10.7,10.82,6149417,64385376,331865255,0.018529861,sh603113
2020-02-03,9.75,9.88,9.75,9.75,7601109,70968990,331865255,0.022904202,sh603113
2020-02-04,9.52,9.77,9.52,9.7,8390323,77596647,331865255,0.025282318,sh603113
2020-02-05,9.72,9.98,9.7,9.82,7188346,67702715,331865255,0.021660436,sh603113
2020-02-06,9.86,9.96,9.73,9.91,7501307,70647559,331865255,0.022603472,sh603113
2020-02-07,9.86,9.98,9.81,9.96,5625432,53141038,331865255,0.016950952,sh603113
2020-02-10,9.88,10.14,9.83,10.12,6549632,62877113,331865255,0.019735817,sh603113
2020-02-11,10.16,10.53,10.08,10.25,9165553,90607243,331865255,0.027618296,sh603113
2020-02-12,10.21,10.35,10.16,10.34,5035557,49524048,331865255,0.015173499,sh603113
2020-02-13,10.31,10.48,10.22,10.31,6295980,62346521,331865255,0.018971495,sh603113
2020-02-14,10.26,10.34,10.17,10.23,4947700,48509916,331865255,0.014908762,sh603113
2020-02-17,10.25,10.48,10.25,10.46,7241814,71930124,331865255,0.021821549,sh603113
2020-02-18,10.45,10.68,10.4,10.63,9164292,92448011,331865255,0.027614497,sh603113
2020-02-19,11.26,11.38,10.8,10.81,16070256,169653610,331865255,0.048424039,sh603113
2020-02-20,10.77,11.17,10.7,11.1,14299301,150207023,331865255,0.043087671,sh603113
2020-02-21,11.03,11.12,10.93,10.98,11236008,118235142,331865255,0.033857139,sh603113
2020-02-24,10.89,10.9,10.73,10.82,9491904,98042583,331865255,0.028601681,sh603113
2020-02-25,10.54,10.67,10.37,10.61,10093399,101959727,331865255,0.030414148,sh603113
2020-02-26,10.49,10.82,10.42,10.68,10184288,104180994,331865255,0.030688021,sh603113
2020-02-27,10.69,10.77,10.48,10.56,6281697,63672071,331865255,0.018928456,sh603113
2020-02-28,10.34,10.4,9.99,10.04,9441822,92240096,331865255,0.02845077,sh603113
2020-03-02,10.09,10.5,10.09,10.48,7271189,72208293,331865255,0.021910064,sh603113
2020-03-03,10.61,10.76,10.5,10.54,7068195,71755711,331865255,0.021298388,sh603113
2020-03-04,10.51,10.74,10.46,10.74,5859276,59531608,331865255,0.017655587,sh603113
2020-03-05,10.77,10.92,10.74,10.91,9427744,97950931,331865255,0.028408349,sh603113
2020-03-06,10.79,11.14,10.72,11.05,13435533,140887513,331865255,0.040484904,sh603113
2020-03-09,10.89,10.97,10.45,10.57,10764625,110228506,331865255,0.032436734,sh603113
2020-03-10,10.49,10.7,10.25,10.68,10469476,105062097,331865255,0.03154737,sh603113
2020-03-11,10.7,10.84,10.59,10.59,6903388,70771606,331865255,0.02080178,sh603113
2020-03-12,10.47,10.5,10.35,10.4,5585367,55584950,331865255,0.016830225,sh603113
2020-03-13,10.05,10.4,9.88,10.3,7213291,69822895,331865255,0.021735602,sh603113
2020-03-16,10.4,10.44,10.1,10.1,5489713,53921368,331865255,0.016541994,sh603113
2020-03-17,10.15,10.27,9.84,10.06,4360764,41811812,331865255,0.013140164,sh603113
2020-03-18,10.15,10.24,9.9,9.92,4069704,39321653,331865255,0.012263122,sh603113
2020-03-19,9.92,10.08,9.82,10.06,4104922,39013947,331865255,0.012369243,sh603113
2020-03-20,10.14,10.24,10.02,10.11,2921824,28179345,331865255,0.008804248,sh603113
2020-03-23,10.02,10.02,9.81,9.81,3207300,30383195,331865255,0.009664465,sh603113
2020-03-24,9.93,10.04,9.82,10.01,2956538,28073598,331865255,0.008908851,sh603113
2020-03-25,10.14,10.22,10.04,10.11,3066800,29669680,331865255,0.0092411,sh603113
2020-03-26,10.09,10.11,9.99,10.0,2237953,21492601,331865255,0.006743559,sh603113
2020-03-27,10.05,10.13,10.0,10.03,2277642,21905645,331865255,0.006863153,sh603113
2020-03-30,9.95,9.99,9.81,9.89,2786360,26275079,331865255,0.008396058,sh603113
2020-03-31,9.96,10.03,9.88,9.88,1931400,18360938,331865255,0.005819832,sh603113
2020-04-01,9.9,9.91,9.77,9.78,2278660,21466404,331865255,0.00686622,sh603113
2020-04-02,9.71,9.88,9.71,9.88,2654150,24866912,331865255,0.007997674,sh603113
2020-04-03,9.88,9.88,9.76,9.77,2595400,24324100,331865255,0.007820644,sh603113
2020-04-07,9.89,10.0,9.84,10.0,4682910,44436518,331865255,0.014110878,sh603113
2020-04-08,9.93,10.05,9.91,9.96,2866790,27369004,331865255,0.008638416,sh603113
2020-04-09,10.01,10.09,9.99,10.05,4114238,39562813,331865255,0.012397315,sh603113
2020-04-10,10.05,10.05,9.8,9.85,3548227,33562808,331865255,0.01069177,sh603113
2020-04-13,9.79,10.01,9.75,9.99,2647057,24970067,331865255,0.007976301,sh603113
2020-04-14,9.96,10.04,9.92,10.02,2700195,25783756,331865255,0.00813642,sh603113
2020-04-15,9.99,10.05,9.86,9.88,2532019,24114457,331865255,0.00762966,sh603113
2020-04-16,9.87,9.91,9.77,9.84,2977244,27982891,331865255,0.008971243,sh603113
2020-04-17,9.86,9.96,9.78,9.79,3985807,37664568,331865255,0.012010317,sh603113
2020-04-20,9.89,10.06,9.88,9.98,4691739,44684462,331865255,0.014137482,sh603113
2020-04-21,9.89,9.91,9.78,9.83,4042299,37997140,331865255,0.012180543,sh603113
2020-04-22,9.83,9.92,9.78,9.88,2958987,27881136,331865255,0.00891623,sh603113
2020-04-23,9.9,9.9,9.76,9.77,3204552,30067585,331865255,0.009656184,sh603113
2020-04-24,9.78,9.89,9.67,9.75,3580966,33494321,331865255,0.010790422,sh603113
2020-04-27,9.72,9.73,9.55,9.58,3590082,32995101,331865255,0.010817891,sh603113
2020-04-28,9.57,9.62,9.01,9.35,3885706,34691041,331865255,0.011708686,sh603113
2020-04-29,9.31,9.45,9.26,9.43,2449255,21929724,331865255,0.007380269,sh603113
2020-04-30,9.99,10.18,9.81,10.12,13247899,126607177,331865255,0.039919512,sh603113
2020-05-06,9.96,10.57,9.93,10.57,12627840,124701799,331865255,0.038051106,sh603113
2020-05-07,10.46,10.76,10.37,10.53,10437328,105771218,331865255,0.031450499,sh603113
2020-05-08,10.57,10.64,10.45,10.48,7719210,77736057,331865255,0.023260073,sh603113
2020-05-11,10.63,10.93,10.52,10.83,11799524,121600152,675939455,0.017456481,sh603113
2020-05-12,10.79,10.83,10.64,10.69,6580007,67550109,675939455,0.00973461,sh603113
2020-05-13,10.67,10.71,10.51,10.64,7690062,78065637,675939455,0.01137685,sh603113
2020-05-14,10.56,10.59,10.42,10.44,5453014,54740153,675939455,0.008067311,sh603113
2020-05-15,10.52,10.56,10.33,10.34,4475700,44704647,675939455,0.006621451,sh603113
2020-05-18,10.35,10.48,10.31,10.35,4909827,48742252,675939455,0.007263708,sh603113
2020-05-19,10.46,10.75,10.45,10.59,7530827,76213672,675939455,0.011141274,sh603113
2020-05-20,10.53,10.57,10.27,10.3,6870919,68260107,675939455,0.010164992,sh603113
2020-05-21,10.31,10.44,10.28,10.4,5250298,52014037,675939455,0.007767409,sh603113
2020-05-22,10.42,10.6,10.19,10.21,7041643,69802557,675939455,0.010417565,sh603113
2020-05-25,10.18,10.29,10.07,10.29,4391692,42786315,675939455,0.006497168,sh603113
2020-05-26,10.26,10.44,10.24,10.42,4920355,48861684,675939455,0.007279284,sh603113
2020-05-27,10.37,10.73,10.31,10.57,8759633,88575999,675939455,0.012959198,sh603113
2020-05-28,10.53,10.64,10.4,10.54,5421410,54485083,675939455,0.008020556,sh603113
2020-05-29,10.51,10.64,10.5,10.54,4267481,43109037,675939455,0.006313407,sh603113
2020-06-01,10.59,10.78,10.55,10.71,7807835,79906883,675939455,0.011551086,sh603113
2020-06-02,10.77,11.05,10.73,11.05,11635227,121299152,675939455,0.017213416,sh603113
2020-06-03,11.02,11.09,10.85,10.86,9603956,100708998,675939455,0.014208308,sh603113
2020-06-04,10.93,11.19,10.79,11.07,10061726,106110626,675939455,0.014885543,sh603113
2020-06-05,11.18,11.18,10.84,10.96,6542827,68700887,675939455,0.009679605,sh603113
2020-06-08,11.01,11.31,10.99,11.18,10100967,107935869,675939455,0.014943597,sh603113
2020-06-09,11.08,11.15,10.99,11.04,6087885,64417142,675939455,0.009006554,sh603113
2020-06-10,11.07,11.25,10.9,11.13,7780455,82402771,675939455,0.01151058,sh603113
2020-06-11,11.1,11.45,11.05,11.27,12928369,140025281,675939455,0.019126519,sh603113
2020-06-12,11.07,11.35,11.01,11.17,8678503,92896263,675939455,0.012839172,sh603113
2020-06-15,11.17,11.31,11.0,11.04,6392636,68082591,675939455,0.009457409,sh603113
2020-06-16,11.1,11.58,11.04,11.51,13012892,141636026,675939455,0.019251564,sh603113
2020-06-17,11.69,12.18,11.61,12.14,26904618,306356077,675939455,0.039803296,sh603113
2020-06-18,12.02,12.92,11.99,12.76,28364727,341912970,675939455,0.041963414,sh603113
2020-06-19,12.73,12.96,12.59,12.76,17817237,217492473,675939455,0.02635922,sh603113
2020-06-22,12.85,12.91,12.43,12.43,12802152,153535700,675939455,0.018939791,sh603113
2020-06-23,12.42,12.5,12.2,12.22,11628778,136729867,675939455,0.017203875,sh603113
2020-06-24,12.17,12.69,12.17,12.37,16922069,201186283,675939455,0.025034889,sh603113
2020-06-29,12.32,12.42,12.08,12.18,8152637,95372441,675939455,0.012061194,sh603113
2020-06-30,12.23,12.65,12.23,12.43,10069992,120077827,675941895,0.014897718,sh603113
2020-07-01,12.55,12.68,12.35,12.56,8500491,101656731,675941895,0.012575772,sh603113
2020-07-02,12.66,13.81,12.57,13.81,24555466,316311545,675941895,0.036327776,sh603113
2020-07-03,14.22,15.14,14.01,14.89,34897764,485824732,675941895,0.051628349,sh603113
2020-07-06,14.57,15.04,14.15,14.98,34321664,479452183,675941895,0.050776057,sh603113
2020-07-07,14.99,14.99,14.42,14.45,31690289,442308470,675941895,0.046883156,sh603113
2020-07-08,14.35,14.73,14.28,14.56,18849909,262368346,675941895,0.027886878,sh603113
2020-07-09,14.48,15.12,14.42,14.96,24722634,349048114,675941895,0.036575088,sh603113
2020-07-10,14.79,14.85,14.4,14.44,15025674,209506845,675941895,0.022229239,sh603113
2020-07-13,14.45,15.42,14.45,15.06,23725564,340517428,675941895,0.035100005,sh603113
2020-07-14,15.0,15.79,14.86,15.32,21505511,313710853,675941895,0.031815621,sh603113
2020-07-15,15.34,15.45,14.43,14.6,19062048,269540038,675941895,0.02820072,sh603113
2020-07-16,14.62,15.0,14.1,14.21,19682015,276920728,675941895,0.02911791,sh603113
2020-07-17,14.23,14.53,13.88,14.2,12802507,174065261,675941895,0.018940248,sh603113
2020-07-20,14.37,15.4,14.3,15.27,21920861,317103005,675941895,0.032430097,sh603113
2020-07-21,15.38,15.75,15.11,15.57,19990405,296001549,675941895,0.029574147,sh603113
2020-07-22,15.8,15.99,14.92,14.96,26776433,387982098,675941895,0.039613513,sh603113
2020-07-23,14.74,15.74,14.58,15.63,27346130,396990524,675941895,0.040456332,sh603113
2020-07-24,15.55,15.9,14.99,15.08,20898867,307608348,675941895,0.030918141,sh603113
2020-07-27,15.35,15.46,14.88,15.09,12365513,179073126,675941895,0.018293751,sh603113
2020-07-28,14.9,15.31,14.64,14.79,11519095,164009260,675941895,0.017041546,sh603113
2020-07-29,14.85,15.54,14.44,15.39,16422763,239600261,675941895,0.024296116,sh603113
2020-07-30,15.48,15.65,15.27,15.55,15142934,224242996,675941895,0.022402716,sh603113
2020-07-31,15.48,15.55,15.0,15.37,12832236,187522098,675941895,0.018984229,sh603113
2020-08-03,15.37,15.79,15.28,15.57,18137961,268346593,675941895,0.02683361,sh603113
2020-08-04,15.51,15.51,14.86,15.0,16031748,231246645,675941895,0.023717642,sh603113
2020-08-05,14.95,15.11,14.75,14.85,10849229,154289629,675941895,0.016050535,sh603113
2020-08-06,14.86,15.06,14.68,14.86,8840123,125475156,675941895,0.013078229,sh603113
2020-08-07,15.05,15.11,14.3,14.49,11172456,156696895,675941895,0.016528722,sh603113
2020-08-10,14.34,14.59,13.97,14.45,9866340,135388329,675941895,0.014596432,sh603113
2020-08-11,14.27,14.53,13.95,14.0,8774866,119731169,675941895,0.012981687,sh603113
2020-08-12,13.9,14.05,13.53,13.82,9724236,128037731,675941895,0.014386201,sh603113
2020-08-13,13.91,14.06,13.59,13.64,7272649,95902587,675941895,0.010759281,sh603113
2020-08-14,13.65,13.81,13.43,13.78,7962774,103661651,675941895,0.011780264,sh603113
2020-08-17,13.78,14.13,13.7,14.06,8901985,118962487,675941895,0.013169749,sh603113
2020-08-18,14.11,14.48,13.99,14.21,10304172,140660508,675941895,0.015244168,sh603113
2020-08-19,14.27,14.27,13.82,13.93,6507490,87119781,675941895,0.009627292,sh603113
2020-08-20,13.94,13.98,13.74,13.76,4657200,61616588,675941895,0.006889941,sh603113
2020-08-21,13.8,14.13,13.77,14.03,7183342,95821219,675941895,0.010627159,sh603113
2020-08-24,14.03,14.24,13.81,14.22,8146204,110070924,675941895,0.012051634,sh603113
2020-08-25,14.23,14.33,13.99,14.01,5757028,77960032,675941895,0.008517046,sh603113
2020-08-26,13.96,14.26,13.89,13.91,6231848,83755404,675941895,0.009219503,sh603113
2020-08-27,13.94,13.99,13.6,13.7,6191300,81562745,675941895,0.009159515,sh603113
2020-08-28,13.68,13.78,13.37,13.75,8833778,114658072,675941895,0.013068842,sh603113
2020-08-31,13.82,14.93,13.79,14.42,18684457,259287855,675941895,0.027642105,sh603113
2020-09-01,14.49,14.49,14.02,14.17,10092570,136949024,675941895,0.014931121,sh603113
2020-09-02,14.25,14.38,14.05,14.23,8616987,117015692,675941895,0.012748118,sh603113
2020-09-03,14.3,14.63,14.23,14.52,10940739,151589385,675941895,0.016185916,sh603113
2020-09-04,14.28,14.28,13.96,14.15,7109469,96062529,675941895,0.01051787,sh603113
2020-09-07,14.12,14.2,13.53,13.55,7865150,103902426,675941895,0.011635837,sh603113
2020-09-08,13.49,13.61,13.03,13.19,9386311,118844887,675941895,0.013886269,sh603113
2020-09-09,13.1,13.2,12.62,12.7,7032416,86627871,675941895,0.010403877,sh603113
2020-09-10,12.79,12.97,12.42,12.45,6530344,79132620,675941895,0.009661103,sh603113
2020-09-11,12.41,12.75,12.36,12.68,4253369,51186766,675941895,0.006292507,sh603113
2020-09-14,12.71,12.85,12.48,12.64,5452900,65984149,675941895,0.008067114,sh603113
2020-09-15,12.6,12.65,12.46,12.62,4081700,49005602,675941895,0.006038537,sh603113
2020-09-16,12.62,12.67,12.45,12.5,2962900,35525992,675941895,0.004383365,sh603113
2020-09-17,12.55,12.7,12.39,12.65,4304129,51693924,675941895,0.006367602,sh603113
2020-09-18,12.64,13.01,12.56,12.94,6723504,82580125,675941895,0.009946867,sh603113
2020-09-21,13.04,13.04,12.82,12.86,3616500,44626239,675941895,0.005350312,sh603113
2020-09-22,12.79,12.89,12.63,12.68,4021011,48980565,675941895,0.005948752,sh603113
2020-09-23,12.71,13.14,12.66,12.91,7512135,93216243,675941895,0.011113581,sh603113
2020-09-24,12.87,12.89,12.59,12.61,4157305,50481854,675941895,0.006150388,sh603113
2020-09-25,12.75,12.75,12.38,12.39,3685144,43992538,675941895,0.005451865,sh603113
2020-09-28,12.44,12.73,12.39,12.42,3940921,47328077,675941895,0.005830266,sh603113
2020-09-29,12.54,12.76,12.44,12.68,4375347,52842939,675941895,0.006472963,sh603113
2020-09-30,12.7,12.76,12.5,12.55,3551600,42822533,675946264,0.005254264,sh603113
2020-10-09,12.63,12.91,12.63,12.78,4732120,57878094,675946264,0.007000734,sh603113
2020-10-12,12.87,13.21,12.82,13.12,6935656,86328676,675946264,0.010260662,sh603113
2020-10-13,13.12,13.2,13.05,13.15,4065567,51031901,675946264,0.00601463,sh603113
2020-10-14,13.1,13.15,12.93,12.98,3258760,40552503,675946264,0.004821034,sh603113
2020-10-15,13.03,13.32,12.91,13.24,5339717,67313267,675946264,0.007899618,sh603113
2020-10-16,13.17,13.44,13.07,13.29,5716468,72598556,675946264,0.008456986,sh603113
2020-10-19,13.29,13.37,13.0,13.01,4941300,62262163,675946264,0.007310196,sh603113
2020-10-20,13.0,13.05,12.8,12.94,3089995,38126308,675951172,0.004571329,sh603113
2020-10-21,13.03,13.03,12.78,12.81,3911094,48061555,675951172,0.00578606,sh603113
2020-10-22,12.81,12.85,12.62,12.64,3693314,44914619,675951172,0.005463877,sh603113
2020-10-23,12.64,12.74,12.45,12.46,4169734,50259591,675951172,0.006168691,sh603113
2020-10-26,12.46,12.69,12.44,12.65,3479671,41858155,675951172,0.005147814,sh603113
2020-10-27,12.59,12.93,12.55,12.79,3961278,48383937,675951172,0.005860302,sh603113
2020-10-28,12.79,12.85,12.56,12.78,3519241,42816915,675951172,0.005206354,sh603113
2020-10-29,12.66,12.66,12.42,12.52,4131400,49571894,675951172,0.00611198,sh603113
2020-10-30,12.55,13.22,12.53,12.92,11519244,143189385,675951172,0.017041533,sh603113
2020-11-02,12.87,13.26,12.82,13.16,8431310,105562480,675951172,0.012473253,sh603113
2020-11-03,13.27,13.37,13.04,13.12,7759274,97825071,675951172,0.011479045,sh603113
2020-11-04,13.31,14.07,13.25,13.9,17695039,232779571,675951172,0.026177984,sh603113
2020-11-05,14.06,14.18,13.8,14.07,12095265,162407960,675951172,0.017893696,sh603113
2020-11-06,14.1,14.26,13.97,14.07,10354147,139581424,675951172,0.015317892,sh603113
2020-11-09,14.33,14.61,14.18,14.34,13329144,183048503,675951172,0.019719093,sh603113
2020-11-10,14.27,14.91,14.24,14.45,14337710,200082486,675951172,0.021211162,sh603113
2020-11-11,14.39,14.85,14.31,14.4,12415791,173245845,675951259,0.018367879,sh603113
2020-11-12,14.27,14.42,13.81,13.97,14964318,201405726,675951259,0.022138161,sh603113
2020-11-13,14.05,14.2,13.82,14.18,8409506,113184264,675951259,0.012440995,sh603113
2020-11-16,14.21,14.94,14.15,14.81,17406589,243418426,675951259,0.025751249,sh603113
2020-11-17,14.7,15.63,14.64,15.03,20980331,304486355,675951259,0.031038231,sh603113
2020-11-18,14.93,15.21,14.79,15.02,13622223,195632429,675951259,0.020152671,sh603113
2020-11-19,14.98,15.14,14.61,14.8,10033104,141913756,675951259,0.01484294,sh603113
2020-11-20,14.68,15.27,14.46,15.15,13677099,195514935,675951259,0.020233854,sh603113
2020-11-23,15.15,16.0,15.14,15.89,24068098,361173734,675951259,0.035606263,sh603113
2020-11-24,15.66,15.9,15.4,15.8,15753085,235940103,675951259,0.023305061,sh603113
2020-11-25,15.89,17.38,15.89,17.37,53637406,877345955,675951259,0.079350997,sh603113
2020-11-26,17.02,17.64,16.68,16.93,42084075,688880284,675951259,0.062259038,sh603113
2020-11-27,16.93,17.4,16.6,17.1,20162471,326923922,675951259,0.029828291,sh603113
2020-11-30,17.1,17.32,16.5,16.57,19924412,323118192,675951259,0.029476108,sh603113
2020-12-01,16.48,16.78,16.21,16.64,16435709,259280067,675951259,0.024314932,sh603113
2020-12-02,16.6,16.71,16.22,16.33,13457841,211128408,675951259,0.019909484,sh603113
2020-12-03,16.29,16.31,15.44,15.56,19599466,294296202,675951259,0.028995384,sh603113
2020-12-04,15.56,15.65,15.09,15.32,18499995,271161005,675951259,0.02736883,sh603113
2020-12-07,15.35,15.37,14.93,15.08,10449954,150877104,675951259,0.015459627,sh603113
2020-12-08,14.96,15.04,14.75,14.84,12362083,175909586,675951259,0.018288424,sh603113
2020-12-09,14.89,15.76,14.86,15.25,26947663,393189291,675951259,0.039866281,sh603113
2020-12-10,15.27,15.48,14.62,14.73,15749493,223811297,675951259,0.023299747,sh603113
2020-12-11,14.86,15.36,14.45,14.53,13368148,190309118,675951259,0.019776793,sh603113
2020-12-14,14.44,15.0,14.2,14.51,8561361,118554380,675951259,0.012665648,sh603113
2020-12-15,14.37,14.71,14.21,14.6,9614191,132793281,675951259,0.014223202,sh603113
2020-12-16,14.74,14.81,14.34,14.43,6213593,86574419,675951259,0.009192368,sh603113
2020-12-17,14.43,15.13,14.33,15.03,10881225,154187884,675951259,0.016097647,sh603113
2020-12-18,15.22,15.71,15.2,15.46,15815405,234609218,675951259,0.023397257,sh603113
2020-12-21,15.65,15.77,15.37,15.62,11009032,163853579,675951259,0.016286725,sh603113
2020-12-22,15.62,15.63,14.57,14.57,11754239,168840192,675951259,0.017389181,sh603113
2020-12-23,14.61,14.91,14.43,14.68,8201285,115187011,675951259,0.012132953,sh603113
2020-12-24,14.68,14.69,14.3,14.33,8139240,112423310,675951259,0.012041164,sh603113
2020-12-25,14.6,15.75,14.28,15.42,16839370,245112147,675951259,0.024912107,sh603113
2020-12-28,15.63,16.97,15.49,16.97,36826529,585938231,675951259,0.054481042,sh603113
2020-12-29,17.25,17.64,16.54,16.86,28778227,468645436,675951259,0.042574411,sh603113
2020-12-30,16.62,17.62,16.54,17.43,22755549,373495716,675951259,0.033664482,sh603113
2020-12-31,17.16,17.27,16.72,17.1,18264869,296323005,717154793,0.025468517,sh603113
2021-01-04,16.86,17.1,16.53,16.64,21211288,340120321,717154793,0.029577001,sh603113
2021-01-05,16.8,16.87,15.94,16.33,19841300,309185200,717154793,0.027666691,sh603113
2021-01-06,16.23,16.49,15.9,16.14,13469998,208528715,717154793,0.018782553,sh603113
2021-01-07,16.06,16.47,15.62,15.74,16563428,253534196,717154793,0.023096029,sh603113
2021-01-08,15.77,16.36,15.68,15.84,21078711,323342363,717154793,0.029392136,sh603113
2021-01-11,15.89,16.04,15.31,15.9,18186032,273647397,717154793,0.025358587,sh603113
2021-01-12,15.78,16.39,15.54,16.39,15114020,231636554,717154793,0.021074976,sh603113
2021-01-13,16.39,16.86,16.05,16.12,18804512,296583838,717154793,0.026220995,sh603113
2021-01-14,15.92,16.77,15.62,16.43,13537247,210861706,717154793,0.018876325,sh603113
2021-01-15,16.46,16.62,15.64,16.23,14968961,229981639,717154793,0.020872706,sh603113
2021-01-18,16.31,17.85,16.31,17.85,23659318,393149078,717154793,0.032990532,sh603113
2021-01-19,17.57,19.24,17.47,18.75,35983311,642527959,717154793,0.050175097,sh603113
2021-01-20,18.66,19.18,18.15,18.98,21726720,388567564,717154793,0.030295719,sh603113
2021-01-21,19.05,20.7,18.98,20.34,24192925,463956096,717154793,0.033734593,sh603113
2021-01-22,19.81,20.55,19.67,20.17,19959617,383934249,717154793,0.027831672,sh603113
2021-01-25,20.08,22.19,19.95,22.06,27426718,558199090,717154793,0.038243791,sh603113
2021-01-26,21.55,22.03,20.93,21.16,20085986,411304647,717154793,0.028007881,sh603113
2021-01-27,21.18,21.85,19.43,21.16,26412368,517694296,717154793,0.036829382,sh603113
2021-01-28,20.58,20.96,19.9,19.98,15875779,309752373,717154793,0.022137172,sh603113
2021-01-29,20.08,21.1,20.08,20.42,15397013,303786509,717154793,0.021469581,sh603113
2021-02-01,21.06,22.46,20.91,22.46,15134369,320741046,717154793,0.021103351,sh603113
2021-02-02,22.69,24.16,21.96,23.17,24639536,540826520,717154793,0.034357347,sh603113
2021-02-03,22.55,23.59,22.4,22.45,19096124,419404655,717154793,0.026627618,sh603113
2021-02-04,22.51,23.74,22.12,22.42,15154204,332096938,717154793,0.021131008,sh603113
2021-02-05,22.93,24.23,20.79,21.23,26076434,559601160,717154793,0.036360956,sh603113
2021-02-08,21.86,22.38,20.09,22.05,18532038,382037734,717154793,0.025841057,sh603113
2021-02-09,21.95,23.0,21.72,22.61,13586607,293191757,717154793,0.018945153,sh603113
2021-02-10,22.48,22.76,20.65,21.0,24640896,498331193,717154793,0.034359243,sh603113
2021-02-18,21.97,23.1,21.97,23.1,19053889,418175124,717154793,0.026568726,sh603113
2021-02-19,23.79,24.82,22.79,24.27,27491478,627394883,717154793,0.038334092,sh603113
2021-02-22,24.22,26.69,23.62,26.69,28041074,695452181,717154793,0.039100448,sh603113
2021-02-23,26.35,27.4,24.95,25.28,26597728,659453833,717154793,0.037087848,sh603113
2021-02-24,25.72,26.07,22.9,23.14,21713087,501722634,717154793,0.030276709,sh603113
2021-02-25,23.76,24.16,22.65,22.67,14950833,333737356,717154793,0.020847428,sh603113
2021-02-26,21.99,22.1,20.7,21.02,20822816,421819756,717154793,0.029035316,sh603113
2021-03-01,21.12,23.12,21.04,23.12,20831041,447263959,717154793,0.029046785,sh603113
2021-03-02,23.12,24.66,22.32,22.45,29713756,666626858,717154793,0.041432835,sh603113
2021-03-03,22.78,23.24,22.16,23.13,14022153,305619692,717154793,0.019552478,sh603113
2021-03-04,22.78,24.14,22.69,23.25,16266124,364572952,717154793,0.022681469,sh603113
2021-03-05,22.16,23.42,22.16,22.48,10448703,227693174,717154793,0.014569662,sh603113
2021-03-08,22.67,24.11,22.08,22.37,12681421,277925413,717154793,0.017682962,sh603113
2021-03-09,21.96,22.69,20.81,21.11,12326527,251804011,717154793,0.017188098,sh603113
2021-03-10,21.01,21.64,21.01,21.45,6555988,134201906,717154793,0.009141664,sh603113
2021-03-11,22.26,22.4,21.34,22.02,7075873,148544384,717154793,0.009866591,sh603113
2021-03-12,22.25,23.45,21.97,22.64,13399334,292837416,717154793,0.018684019,sh603113
2021-03-15,22.5,24.24,22.28,23.58,11107774,250408511,717154793,0.01548867,sh603113
2021-03-16,23.37,24.73,23.37,24.34,9052870,207706130,717154793,0.012623314,sh603113
2021-03-17,24.17,24.17,23.18,23.37,9484358,213148690,717154793,0.01322498,sh603113
2021-03-18,23.59,24.57,23.21,23.94,8176585,187047967,717154793,0.011401423,sh603113
2021-03-19,23.52,23.57,21.55,21.55,12926020,274389602,717154793,0.018024031,sh603113
2021-03-22,21.49,21.49,20.33,21.19,20072583,400115224,717154793,0.027989192,sh603113
2021-03-23,21.51,21.54,19.56,20.1,15836091,308802191,717154793,0.022081831,sh603113
2021-03-24,19.89,20.1,18.09,18.09,18675448,333175241,717154793,0.026041028,sh603113
2021-03-25,18.24,18.98,17.87,18.86,11771855,208982757,717154793,0.016414664,sh603113
2021-03-26,18.91,19.06,18.69,18.82,6968346,125727074,717154793,0.009716655,sh603113
2021-03-29,19.19,20.15,18.7,20.03,10983458,206254181,717154793,0.015315324,sh603113
2021-03-30,20.09,20.12,19.15,19.71,6873704,128897071,717154793,0.009584687,sh603113
2021-03-31,19.69,19.84,18.88,19.14,9480635,174129168,720068510,0.013166296,sh603113
2021-04-01,19.18,19.76,19.12,19.66,5063019,94497011,720068510,0.007031302,sh603113
2021-04-02,19.67,20.32,19.6,20.06,8132059,155126820,720068510,0.011293452,sh603113
2021-04-06,20.39,20.65,19.83,19.89,5064462,98029331,720068510,0.007033306,sh603113
2021-04-07,20.08,20.49,19.57,20.4,5453164,104813208,720068510,0.007573118,sh603113
2021-04-08,20.4,21.38,20.11,20.63,11568936,228760193,720068510,0.016066438,sh603113
2021-04-09,20.79,21.39,20.59,20.94,6333349,126771963,720068510,0.008795481,sh603113
2021-04-12,20.7,20.9,19.74,19.84,7593143,146524889,720068510,0.010545029,sh603113
2021-04-13,19.89,20.16,19.37,19.55,4846458,91311219,720068510,0.006730551,sh603113
2021-04-14,19.58,20.44,18.69,18.93,16647505,312045352,720068510,0.023119335,sh603113
2021-04-15,18.89,18.92,17.03,17.03,9678400,159678987,720068510,0.013440943,sh603113
2021-04-16,15.34,17.55,15.33,16.8,45250793,685464093,720068510,0.062842344,sh603113
2021-04-19,16.48,17.39,16.13,17.22,18506175,299543120,720068510,0.025700575,sh603113
2021-04-20,17.36,18.46,17.36,17.5,16516378,282062620,720068510,0.022937231,sh603113
2021-04-21,17.28,17.72,17.0,17.44,8011185,133004756,720068510,0.011125587,sh603113
2021-04-22,17.48,18.15,17.48,17.66,10446508,178170413,720068510,0.014507658,sh603113
2021-04-23,17.65,18.09,17.57,17.84,7248410,123614834,720068510,0.010066278,sh603113
2021-04-26,17.98,19.01,17.86,18.65,17463033,311083336,720068510,0.024251905,sh603113
2021-04-27,18.65,18.96,18.37,18.74,8166259,145777585,720068510,0.011340947,sh603113
2021-04-28,18.75,19.01,18.51,18.72,6130567,109949263,720068510,0.008513866,sh603113
2021-04-29,18.73,18.98,18.21,18.93,8643926,154873524,720068510,0.012004311,sh603113
2021-04-30,19.19,19.64,18.71,19.34,14578693,269269343,720068510,0.020246258,sh603113
2021-05-06,19.75,20.64,19.55,20.56,15864606,307202124,720068510,0.022032079,sh603113
2021-05-07,20.55,20.78,20.02,20.08,12677349,247164860,720068510,0.017605754,sh603113
2021-05-10,20.31,20.8,19.74,20.79,14777539,286635275,720068510,0.020522407,sh603113
2021-05-11,19.97,20.02,18.81,19.71,11878004,220356563,720068510,0.016495658,sh603113
2021-05-12,19.62,20.01,19.24,19.6,6394815,120052845,720068510,0.008880842,sh603113
2021-05-13,19.57,19.6,18.66,19.01,7712967,140656788,720068510,0.010711435,sh603113
2021-05-14,19.08,19.24,18.81,19.0,5727920,104105261,720068510,0.007954688,sh603113
2021-05-17,18.99,20.58,18.84,20.22,15169268,290227385,720068510,0.021066423,sh603113
2021-05-18,20.44,20.44,19.67,20.32,9373678,181052869,720068510,0.013017759,sh603113
2021-05-19,20.34,20.48,19.71,20.34,9647529,186503768,720068510,0.013398071,sh603113
2021-05-20,19.97,20.39,18.95,20.25,14583611,273570238,720068510,0.020253088,sh603113
2021-05-21,20.39,20.53,19.55,19.62,7694124,147056510,720068510,0.010685267,sh603113
2021-05-24,18.66,19.45,18.38,18.79,10721886,193648878,720068510,0.014890091,sh603113
2021-05-25,18.71,20.2,18.71,19.53,9802033,183131507,720300588,0.013608254,sh603113
2021-05-26,19.53,20.13,19.03,19.78,7458053,139360006,720300588,0.010354084,sh603113
2021-05-27,19.71,20.25,19.64,19.92,6299833,120154070,720300588,0.008746117,sh603113
2021-05-28,20.09,20.44,19.76,20.33,7250122,140512891,720300588,0.010065412,sh603113
2021-05-31,20.35,20.44,19.44,19.59,7107096,132264491,720300588,0.009866847,sh603113
2021-06-01,19.35,19.96,19.35,19.86,9202201,170651197,720300588,0.012775501,sh603113
2021-06-02,19.92,21.42,19.92,20.91,17193938,336842588,720300588,0.023870504,sh603113
2021-06-03,20.92,21.08,20.28,20.59,10474484,202608194,720300588,0.014541823,sh603113
2021-06-04,20.35,20.35,19.62,19.86,9152608,170945310,720300588,0.012706651,sh603113
2021-06-07,19.8,20.62,19.72,20.47,9494028,181056535,720300588,0.013180647,sh603113
2021-06-08,20.5,20.61,19.69,19.75,7043523,132463572,720300588,0.009778588,sh603113
2021-06-09,19.86,20.93,19.44,20.49,13211708,252618921,720300588,0.018341937,sh603113
2021-06-10,20.63,20.93,20.23,20.8,10006003,194431399,720300588,0.013891427,sh603113
2021-06-11,20.86,21.33,20.76,21.16,8927634,177090301,720300588,0.012394317,sh603113
2021-06-15,21.35,21.52,20.53,20.6,8053875,157342802,720300588,0.01118127,sh603113
2021-06-16,20.49,20.81,19.78,19.85,6503274,123190128,720300588,0.009028556,sh603113
2021-06-17,19.75,19.89,19.12,19.25,8358116,151976528,720300588,0.01160365,sh603113
2021-06-18,19.12,19.73,19.03,19.33,5985429,108801525,720300588,0.008309627,sh603113
2021-06-21,19.34,19.36,18.16,18.49,9659898,168333120,720300588,0.013410926,sh603113
2021-06-22,18.48,19.02,18.22,18.9,7984095,139974339,720300588,0.011084393,sh603113
2021-06-23,18.88,19.1,18.52,18.74,5333345,93960953,720300588,0.007404332,sh603113
2021-06-24,18.73,19.08,18.44,18.79,4331637,76505101,720300588,0.006013652,sh603113
2021-06-25,19.06,19.76,18.86,19.31,10538370,191184623,720300588,0.014630517,sh603113
2021-06-28,19.09,19.53,18.84,19.46,8253082,149043618,720300588,0.01145783,sh603113
2021-06-29,19.34,19.57,19.1,19.18,4912177,88963499,720300588,0.006819621,sh603113
2021-06-30,19.3,19.43,19.16,19.23,3373988,61082763,720309497,0.004684081,sh603113
2021-07-01,19.41,19.54,18.69,18.74,4211708,75886806,720309497,0.005847081,sh603113
2021-07-02,18.75,18.99,18.48,18.63,3165008,55610255,720309497,0.004393956,sh603113
2021-07-05,18.7,18.95,18.38,18.51,5155385,90105843,720309497,0.00715718,sh603113
2021-07-06,18.53,19.24,18.53,18.9,6701574,118897520,720309497,0.009303742,sh603113
2021-07-07,18.76,19.19,18.75,18.93,3192897,56828510,720309497,0.004432674,sh603113
2021-07-08,18.97,18.99,18.05,18.09,7591951,130808312,720309497,0.010539846,sh603113
2021-07-09,18.2,18.24,17.47,17.84,9482602,158045500,720309497,0.013164622,sh603113
2021-07-12,17.88,18.31,17.76,17.81,7538783,126888176,720309497,0.010466033,sh603113
2021-07-13,17.99,18.47,17.72,18.36,9153235,156295761,720309497,0.012707364,sh603113
2021-07-14,18.53,18.62,18.2,18.33,7666865,132868641,720674576,0.010638456,sh603113
2021-07-15,18.41,18.58,18.01,18.38,5855465,100745637,720674576,0.008124978,sh603113
2021-07-16,18.38,18.58,18.19,18.24,6557014,113327031,720674576,0.009098439,sh603113
2021-07-19,18.26,18.42,17.91,18.02,7228198,122773474,720674576,0.010029767,sh603113
2021-07-20,17.84,17.85,17.19,17.66,6536167,107048792,720674576,0.009069512,sh603113
2021-07-21,17.78,17.87,17.3,17.51,5618718,92441970,720674576,0.00779647,sh603113
2021-07-22,17.51,17.58,17.2,17.53,9439824,154284597,720674576,0.013098594,sh603113
2021-07-23,17.46,18.62,17.41,18.34,13921853,239521287,720674576,0.019317808,sh603113
2021-07-26,18.31,19.07,18.12,18.48,12091054,211913760,720674576,0.016777412,sh603113
2021-07-27,18.8,19.23,17.3,17.35,15422271,263272675,720674576,0.021399771,sh603113
2021-07-28,17.3,17.31,15.86,16.06,18598259,284977575,720674576,0.025806737,sh603113
2021-07-29,16.37,17.42,16.31,17.25,12298363,196146448,720674576,0.017065071,sh603113
2021-07-30,17.46,17.54,16.87,17.1,7779153,125440793,720674576,0.010794266,sh603113
2021-08-02,16.93,18.04,16.88,18.02,9084966,150764754,720674576,0.012606197,sh603113
2021-08-03,17.78,18.1,17.68,17.76,7425776,124554792,720674576,0.010303924,sh603113
2021-08-04,17.93,18.0,17.36,17.63,7764624,128697147,720674576,0.010774106,sh603113
2021-08-05,17.85,19.0,17.48,18.5,13772344,236670680,720674576,0.019110351,sh603113
2021-08-06,18.46,18.87,18.11,18.49,7868792,136889335,720674576,0.010918648,sh603113
2021-08-09,18.49,19.27,18.47,19.01,10082551,179524300,720674576,0.013990435,sh603113
2021-08-10,18.97,19.13,18.69,18.96,5968177,105999595,720674576,0.008281376,sh603113
2021-08-11,18.97,19.31,18.6,19.27,9491194,169724890,720674576,0.013169875,sh603113
2021-08-12,19.17,19.5,18.92,19.16,7990754,143963036,720674576,0.011087881,sh603113
2021-08-13,19.16,20.2,19.06,19.95,12822038,238271714,720674576,0.017791717,sh603113
2021-08-16,20.25,20.76,20.0,20.62,14577348,280018718,720674576,0.020227365,sh603113
2021-08-17,21.9,22.55,19.64,20.1,28376049,555182662,720674576,0.039374289,sh603113
2021-08-18,20.42,20.65,19.69,19.93,22055872,417910189,720674576,0.030604482,sh603113
2021-08-19,20.01,20.01,18.43,19.53,18648742,336808404,720674576,0.025876786,sh603113
2021-08-20,19.44,19.8,18.67,18.84,18107124,324250253,720674576,0.025125243,sh603113
2021-08-23,19.14,20.28,19.14,19.95,24567329,457863371,720674576,0.034089352,sh603113
2021-08-24,20.63,20.8,19.51,19.78,21570684,407915979,720674576,0.02993124,sh603113
2021-08-25,19.78,20.13,19.62,20.0,19750654,369755207,720674576,0.027405787,sh603113
2021-08-26,19.86,20.61,19.75,20.41,26796488,511007535,720674576,0.037182508,sh603113
2021-08-27,20.01,20.01,19.36,19.7,25819185,476763964,720674576,0.035826413,sh603113
2021-08-30,19.7,21.16,19.66,20.9,30069668,582175797,720674576,0.041724336,sh603113
2021-08-31,20.97,21.14,20.3,21.13,21871086,425403518,720674576,0.030348075,sh603113
2021-09-01,21.13,21.57,19.83,20.31,24855379,482214986,720674576,0.034489047,sh603113
2021-09-02,20.13,21.45,20.12,21.38,24994862,493641091,720674576,0.034682592,sh603113
2021-09-03,21.14,21.82,20.57,21.19,20791155,411586853,720674576,0.028849575,sh603113
2021-09-06,21.18,21.44,20.65,20.9,15376673,302466094,720674576,0.0213365,sh603113
2021-09-07,21.15,21.98,20.93,21.94,24303870,490628711,720674576,0.033723779,sh603113
2021-09-08,21.96,22.87,21.59,22.17,23395299,486607451,720674576,0.032463056,sh603113
2021-09-09,22.57,24.1,21.7,23.38,33685594,728561719,720674576,0.046741754,sh603113
2021-09-10,22.79,23.03,22.14,22.38,22934709,485881917,720679456,0.031823731,sh603113
2021-09-13,22.12,23.35,21.99,23.11,20300498,432491560,720679456,0.028168554,sh603113
2021-09-14,22.75,22.88,21.93,22.05,18831992,394592392,720679456,0.026130885,sh603113
2021-09-15,22.03,22.3,21.67,21.9,16694109,343918931,720679456,0.023164403,sh603113
2021-09-16,22.88,23.68,22.14,22.26,26597735,572124818,720679456,0.03690647,sh603113
2021-09-17,21.84,23.79,21.84,22.87,26366915,572771645,720679456,0.036586189,sh603113
2021-09-22,22.71,23.65,21.98,23.31,23838342,517071511,720679456,0.033077593,sh603113
2021-09-23,23.72,23.82,21.61,22.01,30149979,633130665,720679456,0.041835491,sh603113
2021-09-24,21.89,21.89,19.81,19.82,29242682,558649684,720679456,0.040576544,sh603113
2021-09-27,19.86,20.0,18.54,18.9,20097636,359237515,720679456,0.027887067,sh603113
2021-09-28,19.16,19.24,18.71,18.91,13499011,240089711,720679456,0.01873095,sh603113
2021-09-29,18.76,18.93,17.63,17.94,20380988,347343130,720679456,0.02828024,sh603113
2021-09-30,17.88,18.31,17.78,18.03,9693863,164758321,723663026,0.013395548,sh603113
2021-10-08,18.32,18.48,17.77,17.85,10954493,185258642,723663026,0.015137561,sh603113
2021-10-11,18.02,18.37,17.85,18.11,9936636,168896255,723663026,0.013731026,sh603113
2021-10-12,18.17,18.35,16.83,16.93,22737254,369638701,723663026,0.031419671,sh603113
2021-10-13,16.94,17.23,16.66,17.13,9579109,152750556,723663026,0.013236974,sh603113
2021-10-14,17.14,17.41,16.89,17.29,7593923,122521041,723663026,0.010493728,sh603113
2021-10-15,17.18,17.36,16.9,17.27,7816386,126174531,723663026,0.01080114,sh603113
2021-10-18,17.25,17.91,17.19,17.8,12584904,208443450,723663026,0.017390558,sh603113
2021-10-19,17.8,18.41,17.6,17.96,13579882,230229458,723663026,0.018765477,sh603113
2021-10-20,17.03,17.65,16.34,17.58,16008897,256768476,723663026,0.022122033,sh603113
2021-10-21,17.53,18.19,17.41,17.85,12379763,207823273,723663026,0.017107082,sh603113
2021-10-22,17.7,17.75,16.85,16.87,13694961,220691008,723663026,0.0189245,sh603113
2021-10-25,16.87,17.39,16.83,17.09,11548732,185898285,723663026,0.015958715,sh603113
2021-10-26,17.03,17.36,16.93,17.05,8821503,142059226,723663026,0.01219007,sh603113
2021-10-27,16.85,16.87,16.23,16.39,10406743,161334562,723663026,0.014380648,sh603113
2021-10-28,16.02,16.19,15.18,15.56,14995734,218240725,723663026,0.020721984,sh603113
2021-10-29,15.53,15.54,15.04,15.04,14407451,205092339,723663026,0.019909061,sh603113
2021-11-01,15.05,15.5,15.02,15.38,13672861,195922762,723663026,0.018893961,sh603113
2021-11-02,15.36,15.52,14.46,14.75,14907583,208711038,723663026,0.020600172,sh603113
2021-11-03,14.73,15.31,14.7,15.11,10591977,149748355,723663026,0.014636615,sh603113
2021-11-04,15.04,15.25,14.81,14.99,9357395,131317799,723663026,0.012930597,sh603113
2021-11-05,14.99,15.0,14.5,14.5,10453280,143620605,723663026,0.014444955,sh603113
2021-11-08,14.5,15.07,14.5,15.04,10404197,145612760,723663026,0.014377129,sh603113
2021-11-09,15.0,15.0,14.75,14.94,6422000,89725132,723663026,0.008874296,sh603113
2021-11-10,14.86,14.95,14.52,14.94,7085839,97823424,723663026,0.009791628,sh603113
2021-11-11,14.94,15.06,14.83,15.03,7741133,108917260,723663026,0.010697151,sh603113
2021-11-12,14.96,14.97,14.7,14.71,10197541,141456981,723663026,0.01409156,sh603113
2021-11-15,14.69,14.85,14.62,14.83,6333255,87648357,723663026,0.008751663,sh603113
2021-11-16,14.71,14.83,14.65,14.68,7627174,105370013,723663026,0.010539676,sh603113
2021-11-17,14.69,15.51,14.59,15.16,16246762,230053184,723663026,0.022450728,sh603113
2021-11-18,15.34,16.67,15.34,16.39,34527652,527891009,723663026,0.047712334,sh603113
2021-11-19,16.18,17.1,15.64,16.87,37091528,572056910,723663026,0.051255248,sh603113
2021-11-22,17.02,17.26,16.71,16.79,29112168,462801083,723663026,0.040228901,sh603113
2021-11-23,16.71,16.82,16.44,16.46,18633519,290001977,723663026,0.025748889,sh603113
2021-11-24,16.47,16.65,16.37,16.55,12348451,191420413,723663026,0.017063814,sh603113
2021-11-25,16.59,16.59,16.1,16.24,12554120,191861860,723663026,0.017348019,sh603113
2021-11-26,16.15,16.23,15.84,15.9,13681735,205665384,723663026,0.018906224,sh603113
2021-11-29,15.66,15.93,15.31,15.93,13852416,202982559,723663026,0.019142081,sh603113
2021-11-30,15.93,16.27,15.91,16.17,12788989,193981787,723664743,0.017672533,sh603113
2021-12-01,16.05,17.79,16.02,17.79,34717908,562605666,723664743,0.047975127,sh603113
2021-12-02,18.1,18.68,17.89,17.96,54843624,938262046,723664743,0.075785955,sh603113
2021-12-03,17.6,18.28,17.59,17.77,31413240,528267100,723664743,0.043408554,sh603113
2021-12-06,17.75,18.51,17.53,17.6,26531486,446555419,723664743,0.036662676,sh603113
2021-12-07,17.78,18.3,17.66,18.02,23630854,398135464,723664743,0.032654422,sh603113
2021-12-08,17.88,18.16,17.71,17.82,20866759,349680924,723664743,0.028834843,sh603113
2021-12-09,17.76,18.01,17.38,17.86,22897635,379744993,723664743,0.03164122,sh603113
2021-12-10,17.74,17.8,17.28,17.36,16131352,264863540,723664743,0.022291195,sh603113
2021-12-13,17.56,18.24,17.54,17.96,23575609,397911531,723664743,0.032578082,sh603113
2021-12-14,17.88,17.91,17.49,17.6,14356244,237460100,723664743,0.019838253,sh603113
2021-12-15,17.52,17.79,17.37,17.39,13583253,223976020,723664743,0.018770091,sh603113
2021-12-16,17.58,18.34,17.35,18.26,29793951,502861809,723664743,0.041170931,sh603113
2021-12-17,18.42,18.46,17.62,17.76,23913972,404315371,723664743,0.03304565,sh603113
2021-12-20,17.84,18.29,17.43,17.98,20216935,339727324,723664743,0.02793688,sh603113
2021-12-21,17.96,18.3,17.8,18.15,17662774,300440859,723664743,0.024407399,sh603113
2021-12-22,18.26,18.29,17.75,17.98,16782574,283308209,723664743,0.02319109,sh603113
2021-12-23,17.95,18.51,17.77,18.32,23822306,407976888,723664743,0.032918981,sh603113
2021-12-24,18.42,19.1,18.2,18.51,29386047,516146807,723664743,0.040607266,sh603113
2021-12-27,18.84,19.52,18.66,19.47,30266342,546744180,723664743,0.041823707,sh603113
2021-12-28,19.42,19.42,18.61,18.63,23459201,415170556,723664743,0.032417223,sh603113
2021-12-29,18.58,19.11,18.38,18.63,14951955,263610447,723664743,0.020661439,sh603113
2021-12-30,18.75,18.78,17.89,17.97,26302386,448774173,723664743,0.036346093,sh603113
2021-12-31,17.92,17.98,17.1,17.35,27327106,447656117,723665890,0.037762048,sh603113
2022-01-04,17.51,17.68,17.3,17.34,14613320,239677932,723665890,0.020193462,sh603113
2022-01-05,17.25,17.27,16.48,16.93,21962758,346347110,723665890,0.030349307,sh603113
2022-01-06,16.82,17.19,16.78,17.05,12125139,193656975,723665890,0.016755162,sh603113
2022-01-07,16.99,17.14,16.66,16.67,12241759,194154583,723665890,0.016916313,sh603113
2022-01-10,16.63,16.9,16.6,16.88,6984116,110107274,723665890,0.009651023,sh603113
2022-01-11,16.82,17.17,16.76,17.11,11821710,189022547,723665890,0.016335867,sh603113
2022-01-12,17.14,17.2,16.88,17.12,6994019,111780950,723665890,0.009664707,sh603113
2022-01-13,17.13,17.3,16.87,16.88,10155484,163094710,723665890,0.014033388,sh603113
2022-01-14,16.79,16.79,16.13,16.23,15151378,233654404,723665890,0.02093698,sh603113
2022-01-17,16.23,16.4,16.18,16.32,7058001,108162593,723665890,0.009753121,sh603113
2022-01-18,16.3,16.55,16.24,16.45,6984164,107670637,723665890,0.009651089,sh603113
2022-01-19,16.36,16.66,16.28,16.31,7465995,115284453,723665890,0.010316909,sh603113
2022-01-20,16.36,16.36,15.52,15.64,12552000,186430572,723665890,0.017345021,sh603113
2022-01-21,15.73,15.83,15.56,15.76,5991322,88495436,723665890,0.008279127,sh603113
2022-01-24,15.76,15.77,15.32,15.68,6910721,100924455,723665890,0.009549602,sh603113
2022-01-25,15.56,15.67,14.96,14.96,8202337,117136806,723665890,0.011334425,sh603113
2022-01-26,15.07,15.33,15.01,15.24,6241814,89103720,723665890,0.00862527,sh603113
2022-01-27,15.25,15.33,14.79,14.82,6450638,91155153,723665890,0.008913835,sh603113
2022-01-28,14.89,15.13,14.49,14.92,6126253,85417721,723665890,0.008465582,sh603113
2022-02-07,15.03,15.43,15.03,15.37,6177811,88766023,723665890,0.008536828,sh603113
2022-02-08,15.48,15.94,15.46,15.79,10677115,157959475,723665890,0.014754205,sh603113
2022-02-09,15.76,15.91,15.63,15.8,8141025,120495308,723665890,0.011249701,sh603113
2022-02-10,15.65,15.89,15.55,15.88,5638271,83580942,723665890,0.007791263,sh603113
2022-02-11,15.8,16.12,15.69,15.81,8850400,132446846,723665890,0.012229953,sh603113
2022-02-14,15.64,15.77,15.37,15.48,6365495,93135721,723665890,0.008796179,sh603113
2022-02-15,15.49,15.53,15.28,15.4,4722700,68324316,723665890,0.006526078,sh603113
2022-02-16,15.49,15.83,15.47,15.82,5772909,85099455,723665890,0.007977313,sh603113
2022-02-17,15.74,15.9,15.65,15.77,5734908,84934678,723665890,0.007924801,sh603113
2022-02-18,15.67,16.03,15.63,15.98,7297200,109158756,723665890,0.010083659,sh603113
2022-02-21,15.94,16.04,15.85,16.04,5932105,88951995,723665890,0.008197298,sh603113
2022-02-22,16.0,16.2,15.67,15.85,6480663,96652687,723665890,0.008955325,sh603113
2022-02-23,15.95,16.02,15.74,15.96,6090863,90896074,723665890,0.008416678,sh603113
2022-02-24,15.9,16.01,15.31,15.44,10005397,146815072,723665890,0.01382599,sh603113
2022-02-25,15.52,15.9,15.06,15.22,13462188,195791482,723665890,0.018602767,sh603113
2022-02-28,15.23,15.44,15.01,15.41,8812376,126168349,723665890,0.01217741,sh603113
2022-03-01,15.49,15.73,15.36,15.61,7898409,115360278,723665890,0.010914441,sh603113
2022-03-02,15.66,15.85,15.43,15.77,7828600,115623555,723665890,0.010817976,sh603113
2022-03-03,16.13,16.7,15.86,16.26,26723252,412537422,723665890,0.03692761,sh603113
2022-03-04,16.09,16.49,15.88,16.05,15430466,234228945,723665890,0.021322638,sh603113
2022-03-07,16.29,16.35,15.36,15.46,14254561,211446403,723665890,0.01969771,sh603113
2022-03-08,15.33,15.5,14.5,14.64,13739404,192092777,723665890,0.018985839,sh603113
2022-03-09,14.54,14.82,13.69,14.35,11282179,152057910,723665890,0.015590315,sh603113
2022-03-10,14.59,14.8,14.41,14.51,9935635,136015119,723665890,0.013729589,sh603113
2022-03-11,14.37,14.53,13.99,14.49,6834917,91701131,723665890,0.009444852,sh603113
2022-03-14,14.34,14.4,13.85,13.85,9271538,122477392,723665890,0.012811904,sh603113
2022-03-15,13.82,13.82,12.9,12.9,14884708,185217831,723665890,0.020568481,sh603113
2022-03-16,13.05,13.19,12.19,13.05,17570611,209975558,723665890,0.024280004,sh603113
2022-03-17,13.14,13.46,13.07,13.14,10765990,133925707,723665890,0.014877017,sh603113
2022-03-18,13.15,13.59,13.14,13.57,11042418,139800534,723665890,0.015259,sh603113
2022-03-21,13.58,13.67,13.36,13.44,10003399,126873403,723665890,0.013823229,sh603113
2022-03-22,13.54,13.54,13.2,13.29,11763688,146894381,723665890,0.016255689,sh603113
2022-03-23,13.54,13.85,13.34,13.43,21475895,273837667,723665890,0.029676533,sh603113
2022-03-24,13.41,13.99,13.31,13.49,23300938,297718632,723665890,0.032198475,sh603113
2022-03-25,13.48,13.57,13.35,13.4,11251800,142207152,723665890,0.015548335,sh603113
2022-03-28,13.24,13.55,12.93,13.39,10353959,129013422,723665890,0.014307651,sh603113
2022-03-29,13.44,13.47,13.13,13.16,8769458,109289207,723665890,0.012118103,sh603113
2022-03-30,13.2,13.31,13.03,13.27,10763312,133102744,723665890,0.014873317,sh603113
2022-03-31,13.18,13.44,13.17,13.23,9019306,112542358,723666939,0.012463338,sh603113
2022-04-01,13.14,13.3,13.01,13.26,7821895,96898999,723666939,0.010808695,sh603113
2022-04-06,13.25,13.42,13.07,13.41,9857303,122570377,723666939,0.013621326,sh603113
2022-04-07,13.41,13.76,13.24,13.29,13013259,165128941,723666939,0.017982387,sh603113
2022-04-08,13.22,13.34,12.85,13.18,9235931,113611105,723666939,0.012762682,sh603113
2022-04-11,13.18,13.18,12.52,12.66,9154693,110430994,723666939,0.012650423,sh603113
2022-04-12,12.76,12.89,12.44,12.84,7793626,93050862,723666939,0.010769631,sh603113
2022-04-13,12.77,13.29,12.68,13.03,11948812,146349447,723666939,0.01651148,sh603113
2022-04-14,13.05,13.77,12.99,13.7,17545719,222839753,723666939,0.024245572,sh603113
2022-04-15,14.06,14.47,13.6,13.71,29442799,389358432,723666939,0.040685566,sh603113
2022-04-18,13.31,13.5,12.93,13.29,14298126,178510266,723666939,0.019757882,sh603113
2022-04-19,13.39,13.93,13.17,13.89,17698488,227663267,723666939,0.024456676,sh603113
2022-04-20,13.9,14.01,13.14,13.23,15849200,201079912,723666939,0.021901235,sh603113
2022-04-21,13.14,13.4,12.68,12.75,13125238,160451583,723666939,0.018137125,sh603113
2022-04-22,12.01,12.01,11.48,11.49,24269657,263824651,723666939,0.033537054,sh603113
2022-04-25,11.07,11.12,10.34,10.35,18172671,181724278,723666939,0.025111927,sh603113
2022-04-26,10.11,10.2,9.68,9.7,15660537,145509206,723666939,0.021640531,sh603113
2022-04-27,9.53,10.09,9.48,10.06,10333795,94998979,723666939,0.014279767,sh603113
2022-04-28,9.97,10.22,9.77,9.87,9954031,93380466,723666939,0.013754989,sh603113
2022-04-29,10.0,10.44,9.9,10.38,10719094,102815578,723666939,0.014812192,sh603113
2022-05-05,10.38,10.9,10.24,10.74,8947591,89931027,723666939,0.012364239,sh603113
2022-05-06,10.57,10.59,10.25,10.27,7181879,70045522,723666939,0.009924288,sh603113
2022-05-09,10.2,10.38,10.11,10.28,5435400,52446401,723666939,0.007510914,sh603113
2022-05-10,10.09,10.36,9.96,10.34,7219852,68996723,723666939,0.009976761,sh603113
2022-05-11,10.37,10.68,10.3,10.37,8622123,85128529,723666939,0.011914491,sh603113
2022-05-12,10.23,10.66,10.23,10.41,6392462,62525621,723666939,0.008833431,sh603113
2022-05-13,10.41,10.58,10.38,10.47,5746763,56482229,723666939,0.007941171,sh603113
2022-05-16,10.54,10.66,10.49,10.65,8229774,81866614,723666939,0.011372323,sh603113
2022-05-17,10.59,10.75,10.44,10.6,5724549,56684254,723666939,0.007910475,sh603113
2022-05-18,10.61,10.89,10.55,10.72,8963966,90431774,723674507,0.012386737,sh603113
2022-05-19,10.54,10.79,10.45,10.76,5814272,57953437,723674507,0.008034374,sh603113
2022-05-20,10.77,11.26,10.77,11.19,11819815,122602234,723674507,0.016333054,sh603113
2022-05-23,11.19,11.42,11.09,11.39,8366043,89057565,723674507,0.011560505,sh603113
2022-05-24,11.39,11.59,10.98,10.99,11711091,124353714,723674507,0.016182815,sh603113
2022-05-25,10.96,11.24,10.88,11.15,6106224,63575733,723674507,0.008437804,sh603113
2022-05-26,11.16,11.41,10.94,11.37,7280305,76885181,723674507,0.010060193,sh603113
2022-05-27,11.41,11.54,11.27,11.37,8029778,86005852,723674507,0.011095842,sh603113
2022-05-30,11.31,11.4,11.12,11.32,6745986,71258035,723674507,0.009321851,sh603113
2022-05-31,11.27,11.32,11.1,11.26,5869591,61893594,723674507,0.008110816,sh603113
2022-06-01,11.18,11.42,11.13,11.34,6128749,65056380,723674507,0.00846893,sh603113
2022-06-02,11.37,11.4,11.22,11.35,4858016,51672187,723674507,0.006712985,sh603113
2022-06-06,11.28,11.58,11.28,11.57,8286106,89505684,855080551,0.009690439,sh603113
2022-06-07,11.59,11.67,11.36,11.45,9202018,99399336,855080551,0.01076158,sh603113
2022-06-08,11.54,11.64,11.26,11.64,10571851,114330280,855080551,0.012363573,sh603113
2022-06-09,11.68,11.69,11.23,11.46,10824664,116610986,855080551,0.012659233,sh603113
2022-06-10,11.51,11.66,11.26,11.62,12187100,132059040,855080551,0.014252575,sh603113
2022-06-13,11.49,11.73,11.35,11.53,10611616,114842939,855080551,0.012410078,sh603113
2022-06-14,11.52,11.83,11.35,11.82,15907440,173750873,855080551,0.01860344,sh603113
2022-06-15,11.75,11.92,11.6,11.6,12384587,136910746,855080551,0.014483533,sh603113
2022-06-16,11.59,11.76,11.29,11.4,13660212,147364306,855080551,0.015975351,sh603113
2022-06-17,11.38,11.58,11.28,11.49,8467926,91230812,855080551,0.009903074,sh603113
2022-06-20,11.4,11.56,11.22,11.49,9765442,104622507,855080551,0.011420494,sh603113
2022-06-21,11.56,11.61,11.21,11.33,8569254,91805534,855080551,0.010021575,sh603113
2022-06-22,11.35,11.44,10.86,10.86,9892910,103164776,855080551,0.011569565,sh603113
2022-06-23,10.9,11.35,10.87,11.34,12935237,135940226,855080551,0.015127507,sh603113
2022-06-24,11.34,11.57,11.27,11.41,7247268,77767226,855080551,0.008475538,sh603113
2022-06-27,11.45,12.09,11.45,11.97,17715446,197525202,855080551,0.020717868,sh603113
2022-06-28,12.03,12.09,11.89,12.05,9343905,105333623,855080551,0.010927514,sh603113
2022-06-29,12.03,12.15,11.72,11.74,8690716,97250864,855080551,0.010163623,sh603113
2022-06-30,11.85,11.88,11.71,11.77,6223987,68885834,855081125,0.007278826,sh603113
2022-07-01,11.72,11.88,11.59,11.81,5532700,60981760,855081125,0.00647038,sh603113
2022-07-04,11.87,12.03,11.75,11.85,6709072,74778771,855081125,0.007846123,sh603113
2022-07-05,11.91,12.06,11.76,12.01,9911052,111204808,855081125,0.011590774,sh603113
2022-07-06,11.92,11.95,11.44,11.55,9818462,107142148,855081125,0.011482492,sh603113
2022-07-07,11.54,11.84,11.42,11.69,7482703,82099965,855081125,0.008750869,sh603113
2022-07-08,11.91,11.91,11.43,11.49,6149500,64890670,855081125,0.007191715,sh603113
2022-07-11,11.49,11.5,11.09,11.19,5997500,61114725,855081125,0.007013954,sh603113
2022-07-12,11.2,11.26,10.99,11.0,4235901,42729056,855081125,0.0049538,sh603113
2022-07-13,11.03,11.08,10.93,11.07,3927900,39347120,855081125,0.004593599,sh603113
2022-07-14,11.01,11.12,10.97,11.0,4307230,43246108,855081125,0.005037218,sh603113
2022-07-15,11.01,11.07,10.66,10.66,6463499,63814038,855081125,0.007558931,sh603113
2022-07-18,10.55,10.84,10.27,10.79,10049354,97165474,855081125,0.011752515,sh603113
2022-07-19,10.79,10.99,10.72,10.86,7041818,69471865,855081125,0.008235263,sh603113
2022-07-20,10.86,10.94,10.82,10.92,4756573,47059835,855081125,0.005562715,sh603113
2022-07-21,10.93,10.93,10.72,10.74,7030700,68983721,855081125,0.008222261,sh603113
2022-07-22,10.78,10.82,10.54,10.64,5254162,50986784,855081125,0.006144636,sh603113
2022-07-25,10.77,10.79,10.52,10.55,4552031,44090221,855081125,0.005323508,sh603113
2022-07-26,10.59,10.63,10.47,10.61,3276965,31443043,855081125,0.003832344,sh603113
2022-07-27,10.62,10.7,10.53,10.67,3630765,35025351,855081125,0.004246106,sh603113
2022-07-28,10.74,10.85,10.7,10.77,6309997,61658429,855081125,0.007379413,sh603113
2022-07-29,10.78,10.95,10.67,10.72,6389681,62774573,855081125,0.007472602,sh603113
2022-08-01,10.76,10.95,10.67,10.9,6873525,67722172,855081125,0.008038448,sh603113
2022-08-02,10.85,10.85,10.17,10.4,10004663,94892238,855081125,0.01170025,sh603113
2022-08-03,10.39,10.56,10.27,10.28,6180942,58797461,855081125,0.007228486,sh603113
2022-08-04,10.33,10.41,10.16,10.36,4463703,41788764,855081125,0.00522021,sh603113
2022-08-05,10.37,10.54,10.23,10.53,4043703,38198171,855081125,0.004729028,sh603113
2022-08-08,10.44,10.63,10.43,10.61,4380477,42054397,855081125,0.005122879,sh603113
2022-08-09,10.44,10.83,10.41,10.74,8372842,81388206,855081125,0.009791869,sh603113
2022-08-10,10.76,10.79,10.61,10.67,5170466,50193457,855081125,0.006046755,sh603113
2022-08-11,10.68,10.88,10.67,10.88,5671966,55836945,855081125,0.006633249,sh603113
2022-08-12,10.84,11.15,10.82,11.01,7382257,73967997,855081125,0.0086334,sh603113
2022-08-15,11.01,11.16,10.96,11.08,6361400,64010181,855081125,0.007439528,sh603113
2022-08-16,11.1,11.17,10.95,11.14,6771476,68133826,855081125,0.007919104,sh603113
2022-08-17,11.2,11.26,11.04,11.14,8290105,84090173,855081125,0.009695109,sh603113
2022-08-18,11.09,11.11,10.89,10.92,5679770,56597929,855081125,0.006642376,sh603113
2022-08-19,10.97,11.1,10.9,10.98,5271100,52742487,855081125,0.006164444,sh603113
2022-08-22,10.97,11.41,10.95,11.27,16374996,167643805,855081125,0.019150225,sh603113
2022-08-23,11.26,11.42,11.07,11.42,12064429,123762114,855081125,0.014109105,sh603113
2022-08-24,11.48,11.51,11.04,11.1,11477807,117047688,855081125,0.013423062,sh603113
2022-08-25,11.11,11.53,11.03,11.42,15507125,159312521,855081125,0.018135268,sh603113
2022-08-26,11.42,11.43,11.19,11.33,14742136,151728476,855081125,0.017240628,sh603113
2022-08-29,11.15,11.59,10.99,11.5,14327068,147683409,855081125,0.016755215,sh603113
2022-08-30,11.59,11.61,11.11,11.45,15671395,161187332,855081125,0.018327378,sh603113
2022-08-31,11.32,11.37,11.03,11.09,11915269,120892468,855081125,0.013934665,sh603113
2022-09-01,11.08,11.34,11.06,11.15,10394404,106349390,855081125,0.012156044,sh603113
2022-09-02,11.15,11.2,10.96,11.09,8470756,85271774,855081125,0.009906377,sh603113
2022-09-05,11.08,11.59,11.08,11.44,15150820,157301671,855081125,0.017718576,sh603113
2022-09-06,11.45,11.65,11.39,11.61,11991856,126232738,855081125,0.014024232,sh603113
2022-09-07,11.56,11.62,11.44,11.51,7803652,81762041,855081125,0.009126212,sh603113
2022-09-08,11.51,11.54,11.26,11.44,8158064,84695854,855081125,0.00954069,sh603113
2022-09-09,11.52,11.56,11.29,11.52,8589449,89418950,855081125,0.010045186,sh603113
2022-09-13,11.51,11.58,11.32,11.45,8433616,87707939,855081125,0.009862943,sh603113
2022-09-14,11.29,11.51,11.25,11.41,8478284,87689051,855081125,0.009915181,sh603113
2022-09-15,11.44,11.86,11.16,11.49,17864119,187728063,855081125,0.020891724,sh603113
2022-09-16,11.56,11.71,11.21,11.21,16444947,170679352,855081125,0.019232031,sh603113
2022-09-19,11.18,11.43,11.04,11.04,9824752,100409657,855081125,0.011489848,sh603113
2022-09-20,11.19,11.51,11.11,11.39,12416489,128024706,855081125,0.014520832,sh603113
2022-09-21,11.38,11.62,11.28,11.59,13321647,139313517,855081125,0.015579395,sh603113
2022-09-22,11.39,11.74,11.39,11.7,14550521,154281754,855081125,0.017016539,sh603113
2022-09-23,11.67,11.71,11.37,11.37,12469895,130460097,855081125,0.014583289,sh603113
2022-09-26,11.22,11.32,10.23,10.33,25369554,241746983,855081125,0.029669178,sh603113
2022-09-27,10.51,10.85,9.98,10.76,15845544,150566464,855081125,0.018531042,sh603113
2022-09-28,10.71,10.78,10.32,10.33,8623411,82345070,855081125,0.010084904,sh603113
2022-09-29,10.39,10.6,10.23,10.33,6201079,58750258,855081125,0.007252036,sh603113
2022-09-30,10.23,10.4,10.22,10.22,4805935,45062349,855085291,0.005620416,sh603113
2022-10-10,10.22,10.44,10.1,10.16,5517191,51663512,855085291,0.006452211,sh603113
2022-10-11,10.15,10.2,9.79,10.04,6984022,63177088,855085291,0.008167632,sh603113
2022-10-12,10.11,10.15,9.86,10.15,5464980,49664705,855085291,0.006391152,sh603113
2022-10-13,10.11,10.12,9.89,9.99,6278450,57031375,855085291,0.007342484,sh603113
2022-10-14,10.03,10.22,10.03,10.14,7354561,67883952,855085291,0.008600968,sh603113
2022-10-17,10.12,10.27,9.98,10.22,6431676,59366600,855085291,0.007521678,sh603113
2022-10-18,10.18,10.32,10.17,10.27,5915223,55125758,855085291,0.006917699,sh603113
2022-10-19,10.26,10.48,10.18,10.31,7162363,67298300,855085291,0.008376197,sh603113
2022-10-20,10.26,10.37,10.06,10.09,6179818,57171314,855085291,0.007227136,sh603113
2022-10-21,10.11,10.2,10.03,10.03,3761426,34551904,855085291,0.00439889,sh603113
2022-10-24,10.06,10.16,9.79,9.86,5170835,46852416,855085291,0.006047157,sh603113
2022-10-25,9.79,9.88,9.6,9.76,4647579,41178134,855085291,0.005435223,sh603113
2022-10-26,9.76,9.99,9.74,9.85,4577992,41113784,855085291,0.005353843,sh603113
2022-10-27,9.84,9.97,9.81,9.89,3267459,29464793,855085291,0.003821208,sh603113
2022-10-28,9.89,9.89,9.51,9.57,5526111,48648412,855085291,0.006462643,sh603113
2022-10-31,9.54,10.01,9.54,9.88,6858328,61549221,855085291,0.008020636,sh603113
2022-11-01,9.76,10.05,9.76,10.03,5141148,46598010,855085291,0.006012439,sh603113
2022-11-02,10.05,10.11,10.0,10.09,3615500,33121694,855085291,0.004228233,sh603113
2022-11-03,10.03,10.14,9.98,10.05,3037276,27726893,855085291,0.003552015,sh603113
2022-11-04,10.17,10.2,10.03,10.2,5689345,52448771,855085291,0.006653541,sh603113
2022-11-07,10.17,10.41,10.14,10.37,6595373,61844178,855085291,0.007713117,sh603113
2022-11-08,10.32,10.4,10.25,10.33,3323925,31159355,855085291,0.003887244,sh603113
2022-11-09,10.34,10.41,10.28,10.3,2876516,26996208,855085291,0.003364011,sh603113
2022-11-10,10.28,10.38,10.16,10.37,4103362,38484212,855085291,0.004798775,sh603113
2022-11-11,10.44,10.62,10.41,10.43,4680800,44637798,855085291,0.005474074,sh603113
2022-11-14,10.43,10.58,10.34,10.43,5522800,52532779,855085291,0.006458771,sh603113
2022-11-15,10.47,10.85,10.36,10.64,8137317,78936628,855085291,0.009516381,sh603113
2022-11-16,10.66,10.78,10.65,10.72,4323700,42198527,855085291,0.005056455,sh603113
2022-11-17,10.71,10.87,10.62,10.68,4431489,43293049,855085291,0.005182511,sh603113
2022-11-18,10.7,10.72,10.52,10.53,5399624,52025774,855085291,0.00631472,sh603113
2022-11-21,10.49,10.6,10.42,10.53,3245541,31000086,855085291,0.003795576,sh603113
2022-11-22,10.45,10.6,10.39,10.45,4480162,42688842,855085291,0.005239433,sh603113
2022-11-23,10.53,10.72,10.36,10.58,4959228,47323058,855085291,0.005799688,sh603113
2022-11-24,10.52,10.58,10.41,10.52,3160766,30187468,855085291,0.003696434,sh603113
2022-11-25,10.47,10.67,10.47,10.56,4226717,40628882,855085291,0.004943036,sh603113
2022-11-28,10.53,10.61,10.41,10.53,3954609,37871241,855085291,0.004624812,sh603113
2022-11-29,10.53,10.71,10.53,10.65,5841221,56578354,855085291,0.006831156,sh603113
2022-11-30,10.68,10.86,10.66,10.73,6419998,62892866,855085291,0.007508021,sh603113
2022-12-01,10.85,10.88,10.64,10.65,5268566,51425023,855085489,0.006161449,sh603113
2022-12-02,10.62,10.73,10.61,10.68,3192480,30969888,855085489,0.003733521,sh603113
2022-12-05,10.7,10.85,10.65,10.84,6367639,62359750,855085489,0.007446786,sh603113
2022-12-06,10.84,10.86,10.73,10.85,3630393,35672585,855085489,0.004245649,sh603113
2022-12-07,10.96,10.96,10.75,10.86,4611404,45481387,855085489,0.005392916,sh603113
2022-12-08,10.86,10.93,10.71,10.74,3712055,36328799,855085489,0.004341151,sh603113
2022-12-09,10.74,10.87,10.74,10.83,5729087,56324787,855085489,0.006700017,sh603113
2022-12-12,10.82,10.9,10.68,10.74,6809425,66839748,855085489,0.007963444,sh603113
2022-12-13,10.76,10.88,10.64,10.86,4768668,46860692,855085489,0.005576832,sh603113
2022-12-14,10.86,10.89,10.78,10.87,2888626,28483792,855085489,0.003378172,sh603113
2022-12-15,10.87,10.87,10.73,10.76,2904400,28476417,855085489,0.003396619,sh603113
2022-12-16,10.75,10.93,10.7,10.87,3662709,36109978,855085489,0.004283442,sh603113
2022-12-19,10.79,10.84,10.43,10.49,5085746,48920629,855085489,0.005947646,sh603113
2022-12-20,10.53,10.53,10.32,10.38,2863649,27159641,855085489,0.003348962,sh603113
2022-12-21,10.36,10.49,10.26,10.29,2445049,23000355,855085489,0.002859421,sh603113
2022-12-22,10.43,10.48,10.01,10.04,3839808,35568064,855085489,0.004490555,sh603113
2022-12-23,10.01,10.2,9.99,10.11,2399183,22031829,855085489,0.002805781,sh603113
2022-12-26,10.07,10.22,10.03,10.08,2732330,25053562,855085489,0.003195388,sh603113
2022-12-27,10.08,10.2,10.07,10.18,2683505,24721929,855085489,0.003138289,sh603113
2022-12-28,10.05,10.23,10.05,10.16,2571721,23790708,855085489,0.00300756,sh603113
2022-12-29,10.11,10.19,9.97,9.97,3090400,28255425,855085489,0.003614142,sh603113
2022-12-30,10.09,10.09,9.95,9.97,2504568,22758260,855085489,0.002929026,sh603113
2023-01-03,9.89,10.14,9.89,10.11,4183232,38142035,855085489,0.00489218,sh603113
2023-01-04,10.14,10.22,10.09,10.15,4159693,38425100,855085489,0.004864652,sh603113
2023-01-05,10.12,10.26,10.07,10.23,3957800,36614724,855085489,0.004628543,sh603113
2023-01-06,10.2,10.33,10.19,10.3,2742635,25618142,855085489,0.00320744,sh603113
2023-01-09,10.3,10.41,10.25,10.29,3523175,33029127,855085489,0.004120261,sh603113
2023-01-10,10.32,10.33,10.19,10.2,2226534,20703624,855086481,0.00260387,sh603113
2023-01-11,10.28,10.52,10.19,10.41,5656724,53474002,855086481,0.006615382,sh603113
2023-01-12,10.39,10.47,10.3,10.37,2400000,22633358,855086481,0.002806734,sh603113
2023-01-13,10.37,10.44,10.29,10.36,2198912,20698579,855086481,0.002571567,sh603113
2023-01-16,10.36,10.47,10.28,10.44,3814832,36179360,855086481,0.004461341,sh603113
2023-01-17,10.44,10.56,10.4,10.47,3156200,30133084,855086481,0.003691089,sh603113
2023-01-18,10.47,10.53,10.42,10.44,2875563,27367701,855086481,0.003362891,sh603113
2023-01-19,10.44,10.53,10.39,10.51,3055300,29073835,855086481,0.003573089,sh603113
2023-01-20,10.51,10.64,10.48,10.62,4004149,38531385,855086481,0.004682742,sh603113
2023-01-30,10.7,10.78,10.62,10.7,4530494,44124554,855086481,0.005298287,sh603113
2023-01-31,10.6,10.77,10.58,10.77,4714449,45966060,855086481,0.005513418,sh603113
2023-02-01,10.75,10.87,10.72,10.85,4451923,43710991,855086481,0.005206401,sh603113
2023-02-02,10.85,10.92,10.78,10.85,3233841,31920520,855086481,0.003781888,sh603113
2023-02-03,10.83,10.86,10.67,10.85,4272300,41860332,855086481,0.004996337,sh603113
2023-02-06,10.86,10.95,10.78,10.85,4209118,41604924,855086481,0.004922447,sh603113
2023-02-07,10.83,10.89,10.79,10.88,3754994,37066564,855086481,0.004391362,sh603113
2023-02-08,10.88,10.9,10.77,10.77,3410751,33585789,855086481,0.003988779,sh603113
2023-02-09,10.77,10.84,10.72,10.82,3447969,33892656,855086481,0.004032304,sh603113
2023-02-10,10.87,10.87,10.75,10.83,2892000,28437138,855086481,0.003382114,sh603113
2023-02-13,10.83,10.87,10.75,10.78,4665600,45830991,855086481,0.00545629,sh603113
2023-02-14,10.83,11.82,10.81,11.54,26814811,279353839,855086481,0.03135918,sh603113
2023-02-15,11.62,11.91,11.43,11.58,21095749,222938569,855086481,0.024670895,sh603113
2023-02-16,11.58,11.76,11.11,11.19,17018612,177380310,855086481,0.019902796,sh603113
2023-02-17,11.27,11.51,11.25,11.37,10160491,105250852,855086481,0.011882413,sh603113
2023-02-20,11.37,11.49,11.23,11.39,9269821,95606943,855086481,0.010840799,sh603113
2023-02-21,11.39,11.71,11.3,11.66,15321520,161638816,855086481,0.017918094,sh603113
2023-02-22,11.62,11.71,11.5,11.62,7865306,83053821,855086679,0.009198256,sh603113
2023-02-23,11.72,11.8,11.45,11.55,9259284,97555603,855086679,0.010828474,sh603113
2023-02-24,11.53,11.64,11.41,11.59,7496442,78560744,855086679,0.00876688,sh603113
2023-02-27,11.56,11.71,11.44,11.51,6644700,70108964,855086679,0.007770791,sh603113
2023-02-28,11.51,11.59,11.47,11.58,5602300,58717528,855086679,0.006551733,sh603113
2023-03-01,11.63,11.63,11.45,11.47,5815331,60865929,855086679,0.006800867,sh603113
2023-03-02,11.44,11.6,11.44,11.51,4577247,47955132,855086679,0.005352963,sh603113
2023-03-03,11.49,11.55,11.33,11.38,6402938,66380394,855086679,0.007488057,sh603113
2023-03-06,11.41,11.48,11.17,11.19,6199760,63433499,855086679,0.007250446,sh603113
2023-03-07,11.29,11.33,10.99,11.03,5535500,56174611,855086679,0.006473613,sh603113
2023-03-08,10.98,11.09,10.9,11.06,4834295,48436247,855086679,0.005653573,sh603113
2023-03-09,11.06,11.1,10.96,10.99,4396047,44006031,855086679,0.005141054,sh603113
2023-03-10,11.08,11.08,10.79,10.79,3996315,39488806,855086679,0.004673579,sh603113
2023-03-13,10.77,10.83,10.61,10.72,4485869,43594717,855086679,0.005246099,sh603113
2023-03-14,10.7,10.77,10.5,10.66,5396400,52326699,855086679,0.006310939,sh603113
2023-03-15,10.75,11.21,10.71,11.09,9278306,93053518,855086679,0.01085072,sh603113
2023-03-16,11.0,11.03,10.68,10.73,7360400,72357578,855086679,0.008607782,sh603113
2023-03-17,10.84,10.88,10.72,10.76,4502326,44248005,855086679,0.005265345,sh603113
2023-03-20,10.78,10.85,10.66,10.83,4952349,48567539,855086679,0.005791634,sh603113
2023-03-21,10.83,10.86,10.72,10.79,5219212,51147921,855086679,0.006103723,sh603113
2023-03-22,10.85,10.99,10.79,10.93,5046486,50121841,855086679,0.005901724,sh603113
2023-03-23,10.93,11.07,10.88,10.99,5742069,57221123,855086679,0.006715189,sh603113
2023-03-24,10.96,10.99,10.78,10.83,7246931,71664131,855086679,0.008475083,sh603113
2023-03-27,10.66,10.89,10.65,10.82,6719517,65853618,855086679,0.007858288,sh603113
2023-03-28,10.88,10.92,10.78,10.81,5880719,57994714,855086679,0.006877337,sh603113
2023-03-29,10.83,10.86,10.66,10.74,4090892,39967583,855086679,0.004784184,sh603113
2023-03-30,10.7,10.79,10.63,10.78,4799188,46761255,855086679,0.005612516,sh603113
2023-03-31,10.79,10.97,10.78,10.94,5296751,52507841,855087175,0.006194399,sh603113
2023-04-03,10.99,11.47,10.9,11.26,13724803,140529201,855087175,0.016050765,sh603113
2023-04-04,11.29,11.3,11.03,11.1,6770468,68535649,855087175,0.007917869,sh603113
2023-04-06,11.14,11.14,10.88,10.95,5247312,52384120,855087175,0.006136581,sh603113
2023-04-07,10.99,10.99,10.77,10.88,5951100,58758646,855087175,0.006959641,sh603113
2023-04-10,10.9,10.92,10.72,10.75,5585408,54733691,855087175,0.006531975,sh603113
2023-04-11,10.72,10.87,10.67,10.83,5331500,52315382,855087175,0.006235037,sh603113
2023-04-12,10.88,11.16,10.86,10.99,8773597,87876771,855087175,0.010260471,sh603113
2023-04-13,11.09,11.09,10.86,10.93,4167465,41415744,855087175,0.004873731,sh603113
2023-04-14,10.95,10.97,10.84,10.85,3823100,37846629,855087175,0.004471006,sh603113
2023-04-17,10.85,10.92,10.77,10.86,4571800,45185282,855087175,0.005346589,sh603113
2023-04-18,10.88,10.97,10.82,10.94,4474160,44410422,855087175,0.005232402,sh603113
2023-04-19,10.94,11.18,10.89,11.05,7879274,79419144,855087175,0.009214586,sh603113
2023-04-20,11.04,11.04,10.77,10.89,5076096,50145964,855087175,0.005936349,sh603113
2023-04-21,10.77,10.77,10.11,10.31,16172262,151885238,855087175,0.018912998,sh603113
2023-04-24,10.3,10.3,10.01,10.06,8927200,81968315,855087175,0.010440105,sh603113
2023-04-25,10.1,10.27,9.94,10.08,7168933,65923455,855087175,0.008383862,sh603113
2023-04-26,10.06,10.21,9.99,10.16,4430926,40799363,855087175,0.005181841,sh603113
2023-04-27,10.11,10.22,10.06,10.12,4751864,43829468,855087175,0.005557169,sh603113
2023-04-28,10.07,10.28,10.07,10.2,4551800,42296490,855087175,0.0053232,sh603113
2023-05-04,9.95,10.12,9.82,9.99,7215013,65517573,855087175,0.008437751,sh603113
2023-05-05,9.96,9.99,9.73,9.78,7255722,64800745,855087175,0.008485359,sh603113
2023-05-08,9.79,9.92,9.78,9.89,4551035,40858330,855087175,0.005322305,sh603113
2023-05-09,9.89,10.06,9.82,9.82,5106358,46182216,855087175,0.00597174,sh603113
2023-05-10,9.82,9.87,9.74,9.84,4573846,40810129,855087175,0.005348982,sh603113
2023-05-11,9.84,9.92,9.76,9.85,2427010,21724367,855087175,0.002838319,sh603113
2023-05-12,9.89,9.92,9.76,9.77,2891573,25814626,855087175,0.003381612,sh603113
2023-05-15,9.77,9.85,9.71,9.84,2852040,25371742,855087175,0.003335379,sh603113
2023-05-16,9.82,9.83,9.72,9.73,2383107,21154704,855087175,0.002786975,sh603113
2023-05-17,9.73,9.74,9.62,9.68,2310760,20347544,855087175,0.002702368,sh603113
2023-05-18,9.73,9.74,9.65,9.66,2866045,25243342,855087175,0.003351758,sh603113
2023-05-19,9.62,9.62,9.49,9.54,3460356,30019793,855087175,0.004046787,sh603113
2023-05-22,9.5,9.53,9.44,9.46,3291996,28376224,855087175,0.003849895,sh603113
2023-05-23,9.59,9.73,9.39,9.42,5285490,45865464,855087175,0.006181229,sh603113
2023-05-24,9.41,9.44,9.29,9.34,3813308,32493623,855087175,0.004459555,sh603113
2023-05-25,9.3,9.39,9.17,9.27,3459667,29153028,855087175,0.004045982,sh603113
2023-05-26,9.28,9.29,9.15,9.23,2575257,21552049,855087175,0.003011689,sh603113
2023-05-29,9.23,9.3,9.2,9.21,3448199,28985418,855087175,0.00403257,sh603113
2023-05-30,9.19,9.28,9.16,9.28,2336660,19593671,855087175,0.002732657,sh603113
2023-05-31,9.23,9.28,9.15,9.17,2495564,20846673,855087175,0.002918491,sh603113
2023-06-01,9.17,9.24,9.14,9.18,2537072,21209761,855087175,0.002967033,sh603113
2023-06-02,9.17,9.32,9.17,9.31,3044972,25645113,855087175,0.003561008,sh603113
2023-06-05,9.33,9.39,9.24,9.26,3571230,30178022,855087175,0.004176451,sh603113
2023-06-06,9.23,9.35,9.18,9.19,3163292,26659667,855087175,0.00369938,sh603113
2023-06-07,9.19,9.21,9.14,9.15,2118638,17678122,855087175,0.002477687,sh603113
2023-06-08,9.15,9.19,9.09,9.12,3596490,29861220,855087175,0.004205992,sh603113
2023-06-09,9.1,9.16,9.1,9.12,3003960,24947802,855087175,0.003513045,sh603113
2023-06-12,9.1,9.15,8.93,9.09,5461139,44974586,855087175,0.006386646,sh603113
2023-06-13,9.09,9.11,8.94,8.95,4618326,37762000,855087175,0.005401,sh603113
2023-06-14,8.96,8.99,8.89,8.93,3131717,25458850,855087175,0.003662453,sh603113
2023-06-15,8.9,8.95,8.85,8.93,3763510,30450620,855087175,0.004401317,sh603113
2023-06-16,8.95,8.99,8.93,8.96,3487940,28410534,855087175,0.004079046,sh603113
2023-06-19,8.96,9.0,8.79,8.82,4949556,39995672,855087175,0.005788364,sh603113
2023-06-20,8.82,8.85,8.67,8.67,4689466,37195563,855087175,0.005484196,sh603113
2023-06-21,8.68,8.72,8.57,8.59,3656031,28705036,855087175,0.004275624,sh603113
2023-06-26,8.57,8.59,8.44,8.49,3619245,27979566,855087175,0.004232604,sh603113
2023-06-27,8.49,8.74,8.46,8.72,3744638,29529123,855087175,0.004379247,sh603113
2023-06-28,8.73,8.97,8.68,8.97,7659020,61764881,855087175,0.008957005,sh603113
2023-06-29,8.9,8.94,8.79,8.81,4147423,33353524,855087175,0.004850293,sh603113
2023-06-30,8.84,8.92,8.81,8.89,2597417,20980374,855087175,0.003037605,sh603113
2023-07-03,8.9,9.16,8.86,9.1,6633236,54671460,855087175,0.00775738,sh603113
2023-07-04,9.11,9.11,9.01,9.07,3010938,24799867,855087175,0.003521206,sh603113
2023-07-05,9.09,9.16,9.06,9.12,2663495,22075541,855087175,0.003114881,sh603113
2023-07-06,9.12,9.14,9.03,9.08,2632778,21733081,855087175,0.003078959,sh603113
2023-07-07,9.08,9.15,9.03,9.09,2548520,21087929,855087175,0.002980421,sh603113
2023-07-10,9.17,9.19,9.02,9.05,3589500,29192989,855087175,0.004197818,sh603113
2023-07-11,9.1,9.12,9.03,9.1,3121335,25382301,855087175,0.003650312,sh603113
2023-07-12,9.09,9.16,9.05,9.09,3115820,25440494,855087175,0.003643862,sh603113
2023-07-13,9.07,9.26,9.07,9.25,4092064,33813551,855087175,0.004785552,sh603113
2023-07-14,9.23,9.3,9.18,9.25,2505885,20784034,855087175,0.002930561,sh603113
2023-07-17,9.23,9.26,9.08,9.21,3345833,27522553,855087175,0.003912856,sh603113
2023-07-18,9.26,9.35,9.15,9.3,3358122,27921190,855087175,0.003927228,sh603113
2023-07-19,9.29,9.39,9.26,9.38,3052150,25602822,855087175,0.003569402,sh603113
2023-07-20,9.4,9.48,9.32,9.35,4526433,38218248,855087175,0.005293534,sh603113
2023-07-21,9.35,9.44,9.29,9.35,2870446,24117477,855087175,0.003356905,sh603113
2023-07-24,9.35,9.39,9.26,9.29,2242100,18715720,855087175,0.002622072,sh603113
2023-07-25,9.4,9.49,9.35,9.4,3183964,26896354,855087175,0.003723555,sh603113
2023-07-26,9.35,9.44,9.26,9.42,2461000,20714753,855087175,0.002878069,sh603113
2023-07-27,9.42,9.5,9.4,9.41,2954817,25061227,855087175,0.003455574,sh603113
2023-07-28,9.37,9.55,9.37,9.52,3145825,26775441,855087175,0.003678952,sh603113
2023-07-31,9.47,9.66,9.47,9.58,4102697,35281014,855087175,0.004797987,sh603113
2023-08-01,9.69,9.78,9.58,9.76,6074300,52864205,855087175,0.00710372,sh603113
2023-08-02,9.74,9.76,9.58,9.61,4390977,37927795,855087175,0.005135122,sh603113
2023-08-03,9.58,9.76,9.52,9.68,3514500,30365655,855087175,0.004110107,sh603113
2023-08-04,9.71,9.76,9.63,9.64,3559409,30960281,855087175,0.004162627,sh603113
2023-08-07,9.65,9.65,9.5,9.54,3500841,30001631,855087175,0.004094133,sh603113
2023-08-08,9.59,9.6,9.35,9.59,4935898,42019848,855087175,0.005772392,sh603113
2023-08-09,9.61,9.61,9.44,9.48,2738209,23318520,855087175,0.003202257,sh603113
2023-08-10,9.48,9.58,9.42,9.48,3798567,32326981,855087175,0.004442315,sh603113
2023-08-11,9.48,9.55,9.27,9.29,3011012,25258106,855087175,0.003521292,sh603113
2023-08-14,9.25,9.36,9.2,9.34,2993670,24878068,855087175,0.003501011,sh603113
2023-08-15,9.38,9.41,9.2,9.29,2256500,18795382,855087175,0.002638912,sh603113
2023-08-16,9.27,9.31,9.18,9.22,1983000,16432987,855087175,0.002319062,sh603113
2023-08-17,9.28,9.28,9.01,9.12,5158600,42111233,855087175,0.006032835,sh603113
2023-08-18,9.07,9.21,9.0,9.01,3994300,32598463,855087175,0.00467122,sh603113
2023-08-21,9.0,9.19,8.96,8.96,3834900,31029285,855087175,0.004484806,sh603113
2023-08-22,9.01,9.08,8.83,8.94,3099064,24819758,855087175,0.003624267,sh603113
2023-08-23,8.9,9.03,8.88,8.88,2949800,23662607,855087175,0.003449707,sh603113
2023-08-24,8.96,9.01,8.78,8.83,4061222,32273123,855087175,0.004749483,sh603113
2023-08-25,8.82,8.97,8.7,8.74,3662209,28995148,855087175,0.004282849,sh603113
2023-08-28,9.1,9.38,9.08,9.1,11935349,98808174,855087175,0.013958049,sh603113
2023-08-29,9.19,9.47,9.12,9.37,8492374,71009308,855087175,0.009931589,sh603113
2023-08-30,9.42,9.54,9.26,9.28,4288920,36031431,855087175,0.005015769,sh603113
2023-08-31,9.28,9.34,9.15,9.19,4312508,35621258,855087175,0.005043355,sh603113
2023-09-01,9.11,9.39,9.11,9.34,5045309,42034956,855087175,0.005900345,sh603113
2023-09-04,9.34,9.65,9.31,9.59,8110048,69473097,855087175,0.009484469,sh603113
2023-09-05,9.64,9.65,9.52,9.63,7076103,60874586,855087175,0.0082753,sh603113
2023-09-06,9.65,9.67,9.52,9.6,3917800,33681226,855087175,0.004581755,sh603113
2023-09-07,9.71,9.73,9.55,9.58,4784255,41161482,855087175,0.005595049,sh603113
2023-09-08,9.57,9.68,9.51,9.61,6136400,52805022,855087175,0.007176344,sh603113
2023-09-11,9.58,9.79,9.52,9.69,6813603,59326066,855087175,0.007968314,sh603113
2023-09-12,9.69,9.78,9.58,9.61,3830519,33149833,855087175,0.004479682,sh603113
2023-09-13,9.54,9.69,9.47,9.54,5539345,47399159,855087175,0.006478106,sh603113
2023-09-14,9.48,9.66,9.46,9.57,6787600,58394781,855087175,0.007937904,sh603113
2023-09-15,9.71,9.75,9.59,9.65,6086054,52635185,855087175,0.007117466,sh603113
2023-09-18,9.7,9.77,9.54,9.75,5934614,51627085,855087175,0.006940361,sh603113
2023-09-19,9.77,9.79,9.63,9.68,4185200,36422046,855087175,0.004894472,sh603113
2023-09-20,9.64,9.71,9.59,9.63,3246344,28104898,855087175,0.003796506,sh603113
2023-09-21,9.58,9.69,9.5,9.54,3046243,26130869,855087175,0.003562494,sh603113
2023-09-22,9.54,9.59,9.45,9.47,5044416,42904988,855087175,0.0058993,sh603113
2023-09-25,9.42,9.51,9.37,9.39,3981391,33618159,855087175,0.004656123,sh603113
2023-09-26,9.39,9.42,9.23,9.29,3797982,31717148,855087175,0.004441631,sh603113
2023-09-27,9.29,9.32,9.23,9.23,3553697,29533196,855087175,0.004155947,sh603113
2023-09-28,9.27,9.37,9.21,9.32,4491200,37451115,855087175,0.00525233,sh603113
2023-10-09,9.3,9.37,9.17,9.31,4374900,36417817,855087175,0.00511632,sh603113
2023-10-10,9.31,9.35,9.12,9.13,3928300,32374997,855087175,0.004594035,sh603113
2023-10-11,9.15,9.22,9.03,9.06,3603900,29441190,855087175,0.004214658,sh603113
2023-10-12,9.1,9.16,9.08,9.15,2800000,22892612,855087175,0.00327452,sh603113
2023-10-13,9.12,9.17,8.98,9.1,3408131,27688618,855087175,0.003985712,sh603113
2023-10-16,9.12,9.2,9.0,9.18,4316737,35368837,855087175,0.0050483,sh603113
2023-10-17,9.18,9.21,9.1,9.18,2423300,19906928,855087175,0.00283398,sh603113
2023-10-18,9.2,9.21,9.02,9.03,3102400,25241595,855087175,0.003628168,sh603113
2023-10-19,9.0,9.08,8.91,8.97,3340300,26945630,855087175,0.003906385,sh603113
2023-10-20,8.97,9.13,8.93,8.94,3195154,25745979,855087175,0.003736641,sh603113
2023-10-23,8.94,8.97,8.76,8.81,3586596,28454952,855087175,0.004194421,sh603113
2023-10-24,8.81,9.05,8.78,8.99,4105860,32778531,855087175,0.004801686,sh603113
2023-10-25,9.01,9.41,9.01,9.3,5378579,44880263,847948436,0.00634305,sh603113
2023-10-26,9.26,9.38,9.19,9.35,3409518,28343268,847948436,0.004020903,sh603113
2023-10-27,9.37,9.39,9.18,9.37,3884400,32477184,847948436,0.004580939,sh603113
2023-10-30,9.28,9.38,9.22,9.22,5106200,42551765,847948436,0.006021828,sh603113
2023-10-31,9.23,9.29,9.13,9.19,5709085,47045450,847948436,0.006732821,sh603113
2023-11-01,9.21,9.23,9.12,9.2,4099398,33729694,847948436,0.00483449,sh603113
2023-11-02,9.26,9.29,9.1,9.17,3515700,28924442,847948436,0.004146125,sh603113
2023-11-03,9.17,9.27,9.15,9.17,5132500,42356519,847948436,0.006052844,sh603113
2023-11-06,9.2,9.26,9.15,9.22,5907691,48775001,847948436,0.00696704,sh603113
2023-11-07,9.2,9.28,9.16,9.25,4662300,38550465,847948436,0.00549833,sh603113
2023-11-08,9.22,9.27,9.1,9.13,6094979,50026826,847948436,0.007187912,sh603113
2023-11-09,9.1,9.25,9.08,9.17,5906955,48656993,847948436,0.006966172,sh603113
2023-11-10,9.16,9.3,9.12,9.29,6328823,52287790,847948436,0.007463689,sh603113
2023-11-13,9.29,9.44,9.26,9.44,5502600,46091288,847948436,0.00648931,sh603113
2023-11-14,9.5,9.5,9.29,9.34,5382900,45120476,847948436,0.006348145,sh603113
2023-11-15,9.37,9.4,9.3,9.37,3664527,30723414,847948436,0.004321639,sh603113
2023-11-16,9.35,9.41,9.29,9.36,4971800,41666815,847948436,0.005863328,sh603113
2023-11-17,9.35,9.4,9.3,9.35,3475886,29121411,847948436,0.004099171,sh603113
2023-11-20,9.37,9.48,9.34,9.46,4735677,40033770,847948436,0.005584864,sh603113
2023-11-21,9.47,9.55,9.41,9.42,4418511,37562285,847948436,0.005210825,sh603113
2023-11-22,9.42,9.51,9.39,9.4,3590368,30449052,847948436,0.004234182,sh603113
2023-11-23,9.38,9.6,9.37,9.59,4481092,38217698,847948436,0.005284628,sh603113
2023-11-24,9.51,9.66,9.5,9.61,6058509,52033307,847948436,0.007144903,sh603113
2023-11-27,9.64,9.66,9.51,9.59,5477721,47094830,847948436,0.006459969,sh603113
2023-11-28,9.6,9.64,9.46,9.56,3541500,30227568,847948436,0.004176551,sh603113
2023-11-29,9.59,9.61,9.5,9.52,3454978,29566408,847948436,0.004074514,sh603113
2023-11-30,9.55,9.56,9.4,9.42,4401200,37304118,847948436,0.00519041,sh603113
2023-12-01,9.46,9.56,9.4,9.5,4672857,39799738,847948436,0.00551078,sh603113
2023-12-04,9.5,9.66,9.49,9.61,6425217,55188937,847948436,0.007577368,sh603113
2023-12-05,9.6,9.6,9.39,9.4,3953300,33652448,847948436,0.004662194,sh603113
2023-12-06,9.37,9.56,9.36,9.5,2833900,24111691,847948436,0.003342066,sh603113
2023-12-07,9.51,9.55,9.42,9.5,3336200,28386221,847948436,0.003934437,sh603113
2023-12-08,9.54,9.54,9.31,9.34,4806300,40549942,847948436,0.005668151,sh603113
2023-12-11,9.32,9.56,9.16,9.54,7125300,60308753,847948436,0.008402987,sh603113
2023-12-12,9.54,9.55,9.41,9.54,3726500,31671194,847948436,0.004394725,sh603113
2023-12-13,9.46,9.54,9.42,9.44,3260500,27734566,847948436,0.003845163,sh603113
2023-12-14,9.5,9.56,9.42,9.51,3207200,27336057,847948436,0.003782305,sh603113
2023-12-15,9.49,9.58,9.38,9.4,3654500,31025259,847948436,0.004309814,sh603113
2023-12-18,9.44,9.44,9.29,9.31,3316100,27787801,847948436,0.003910733,sh603113
2023-12-19,9.37,9.41,9.12,9.18,4617500,38077266,847948436,0.005445496,sh603113
2023-12-20,9.19,9.36,9.16,9.17,4340052,35958952,847948436,0.005118297,sh603113
2023-12-21,9.19,9.19,8.93,9.15,4623734,37687874,847948436,0.005452848,sh603113
2023-12-22,9.13,9.18,9.05,9.1,3975500,32471238,847948436,0.004688375,sh603113
2023-12-25,9.1,9.13,8.92,9.03,4563100,36727337,847948436,0.005381341,sh603113
2023-12-26,9.09,9.12,8.91,8.92,4158200,33625215,847948436,0.004903836,sh603113
2023-12-27,8.94,9.03,8.79,8.94,5225113,41580794,847948436,0.006162065,sh603113
2023-12-28,8.93,9.01,8.84,9.01,6249336,50195630,847948436,0.007369948,sh603113
2023-12-29,8.96,9.05,8.96,9.0,5074141,40973742,847948737,0.005984019,sh603113
2024-01-02,8.99,9.28,8.97,9.18,8248900,67467522,847948737,0.009728064,sh603113
2024-01-03,9.21,9.32,9.15,9.22,5744200,47572435,847948737,0.00677423,sh603113
2024-01-04,9.21,9.32,9.15,9.23,4539116,37595811,847948737,0.005353055,sh603113
2024-01-05,9.23,9.34,9.12,9.19,4160616,34471156,847948737,0.004906683,sh603113
2024-01-08,9.15,9.16,8.98,8.99,5251300,42644534,847948737,0.006192945,sh603113
2024-01-09,8.99,9.07,8.91,8.99,4365260,35130844,847948737,0.005148023,sh603113
2024-01-10,8.99,9.08,8.93,8.98,3491277,28187108,847948737,0.004117321,sh603113
2024-01-11,8.98,9.01,8.91,8.93,5109631,41021111,847948737,0.006025873,sh603113
2024-01-12,8.92,8.98,8.86,8.86,4723700,37785571,847948737,0.005570738,sh603113
2024-01-15,8.87,8.87,8.7,8.72,5075400,39759727,847948737,0.005985503,sh603113
2024-01-16,8.71,8.72,8.5,8.6,5430803,41804896,847948737,0.006404636,sh603113
2024-01-17,8.55,8.62,8.3,8.31,5669800,43093461,847948737,0.006686489,sh603113
2024-01-18,8.3,8.31,7.84,8.14,8790301,63357787,847948737,0.010366548,sh603113
2024-01-19,8.11,8.16,8.02,8.06,4566807,33135436,847948737,0.005385711,sh603113
2024-01-22,8.07,8.07,7.53,7.6,6544311,45884841,847948737,0.007717814,sh603113
2024-01-23,7.57,7.74,7.45,7.67,6105298,41625248,847948737,0.007200079,sh603113
2024-01-24,7.68,7.84,7.52,7.81,7102782,49155594,847948737,0.008376429,sh603113
2024-01-25,7.84,8.24,7.84,8.24,6228600,44984074,847948737,0.007345491,sh603113
2024-01-26,8.24,8.42,8.16,8.34,6251920,46736945,847948737,0.007372993,sh603113
2024-01-29,8.36,8.43,8.12,8.15,5400747,39892650,847948737,0.00636919,sh603113
2024-01-30,8.16,8.22,7.92,7.95,4771900,34592023,847948737,0.005627581,sh603113
2024-01-31,8.11,8.16,7.75,7.8,7557304,53742045,847948737,0.008912454,sh603113
2024-02-01,7.81,7.82,7.55,7.62,7927285,54670582,847948737,0.009348779,sh603113
2024-02-02,7.56,7.71,7.04,7.22,9953226,65930570,847948737,0.011738004,sh603113
2024-02-05,7.13,7.13,6.49,6.49,14058960,83938381,847948737,0.016579965,sh603113
2024-02-06,6.26,6.88,6.15,6.73,14265670,82713095,847948737,0.016823741,sh603113
2024-02-07,6.67,7.14,6.6,7.06,11366914,71114077,847948737,0.01340519,sh603113
2024-02-08,7.06,7.76,7.05,7.76,8233301,55652695,847948737,0.009709668,sh603113
2024-02-19,8.04,8.05,7.48,7.53,15314674,105903147,847948737,0.018060849,sh603113
2024-02-20,7.52,7.58,7.38,7.46,6961671,46613757,847948737,0.008210014,sh603113
2024-02-21,7.5,7.87,7.36,7.58,7218718,49411752,847948737,0.008513154,sh603113
2024-02-22,7.56,7.9,7.55,7.84,7934819,55134694,847948737,0.009357664,sh603113
2024-02-23,7.83,7.85,7.7,7.77,6576423,45761842,847948737,0.007755685,sh603113
2024-02-26,7.86,7.96,7.8,7.83,7732488,54663394,847948737,0.009119051,sh603113
2024-02-27,7.83,7.9,7.73,7.9,6513892,45713515,847948737,0.007681941,sh603113
2024-02-28,7.91,8.09,7.55,7.55,9740570,68599636,847948737,0.011487216,sh603113
2024-02-29,7.61,8.05,7.53,8.01,11001349,77128174,847948737,0.012974073,sh603113
2024-03-01,8.11,8.2,7.94,7.96,10272600,73926267,847948737,0.012114647,sh603113
2024-03-04,7.96,7.99,7.63,7.81,11861700,82366145,847948737,0.013988699,sh603113
2024-03-05,7.72,7.74,7.57,7.62,6906500,47312603,847948737,0.00814495,sh603113
2024-03-06,7.61,7.76,7.6,7.68,5261460,36306559,847948737,0.006204927,sh603113
2024-03-07,7.71,7.86,7.64,7.68,6519624,45350924,847948737,0.007688701,sh603113
2024-03-08,7.66,7.78,7.62,7.7,5701700,39225540,847948737,0.006724109,sh603113
2024-03-11,7.66,7.76,7.62,7.71,6877400,47327067,847948737,0.008110632,sh603113
2024-03-12,7.71,7.74,7.63,7.72,7706712,53067651,847948737,0.009088653,sh603113
2024-03-13,7.71,7.78,7.65,7.76,7027437,48656371,847948737,0.008287573,sh603113
2024-03-14,7.74,7.89,7.67,7.76,6230454,43566877,847948737,0.007347678,sh603113
2024-03-15,7.78,7.87,7.65,7.86,7559115,52713340,847948737,0.00891459,sh603113
2024-03-18,7.92,7.94,7.81,7.92,6781300,47794054,847948737,0.007997299,sh603113
2024-03-19,7.93,8.02,7.91,7.92,6910412,49258214,847948737,0.008149563,sh603113
2024-03-20,7.94,8.02,7.86,7.99,6257200,44636988,847948737,0.00737922,sh603113
2024-03-21,7.99,8.03,7.87,7.95,4309100,30711305,847948737,0.005081793,sh603113
2024-03-22,7.94,7.97,7.81,7.81,4963829,35009378,847948737,0.005853926,sh603113
2024-03-25,7.85,7.85,7.66,7.67,5442561,37966816,847948737,0.006418502,sh603113
2024-03-26,7.63,7.72,7.38,7.53,7278423,49077889,847948737,0.008583565,sh603113
2024-03-27,7.52,7.62,7.37,7.37,4746576,31862828,847948737,0.005597716,sh603113
2024-03-28,7.34,7.56,7.34,7.51,4089256,27434261,847948737,0.004822527,sh603113
2024-03-29,7.51,7.66,7.46,7.63,4521856,30573396,847948737,0.0053327,sh603113
2024-04-01,7.65,7.76,7.62,7.68,7301242,50297073,847948737,0.008610476,sh603113
2024-04-02,7.67,7.86,7.65,7.84,5662989,39676832,847948737,0.006678457,sh603113
2024-04-03,7.86,7.97,7.82,7.97,6506900,46165704,847948737,0.007673695,sh603113
2024-04-08,8.01,8.03,7.8,7.83,6736704,47888814,847948737,0.007944707,sh603113
2024-04-09,7.83,8.01,7.81,8.0,6236764,44283517,847948737,0.007355119,sh603113
2024-04-10,8.0,8.03,7.82,7.87,4761200,33773705,847948737,0.005614962,sh603113
2024-04-11,7.86,8.03,7.81,7.91,5869600,41790425,847948737,0.006922117,sh603113
2024-04-12,7.92,8.05,7.85,7.96,7164506,51074987,847948737,0.008449221,sh603113
2024-04-15,7.9,8.01,7.6,7.71,10107870,70452025,847948737,0.011920379,sh603113
2024-04-16,7.64,7.75,7.21,7.22,10438857,69086028,847948737,0.012310717,sh603113
2024-04-17,7.26,7.68,7.25,7.65,9428954,63656028,847948737,0.011119722,sh603113
2024-04-18,7.68,7.76,7.47,7.48,7051900,47985266,847948737,0.008316423,sh603113
2024-04-19,7.47,7.76,7.43,7.6,6745500,46008298,847948737,0.00795508,sh603113
2024-04-22,7.63,7.72,7.32,7.36,9592019,63923849,847948737,0.011312027,sh603113
2024-04-23,7.42,7.43,7.15,7.18,6693219,43382570,847948737,0.007893424,sh603113
2024-04-24,7.18,7.24,7.06,7.23,4666811,30024464,847948737,0.005503648,sh603113
2024-04-25,7.23,7.45,7.17,7.36,7327800,48378378,847948737,0.008641796,sh603113
2024-04-26,7.33,7.47,7.16,7.46,8398400,55267615,847948737,0.009904372,sh603113
2024-04-29,7.42,8.01,7.42,7.95,18490100,130278256,847948737,0.021805681,sh603113
2024-04-30,7.81,7.85,7.5,7.57,17849805,121764959,847948737,0.021050571,sh603113
2024-05-06,7.61,7.92,7.58,7.9,13850396,96859592,847948737,0.016334002,sh603113
2024-05-07,7.9,7.97,7.81,7.96,6758900,47863206,847948737,0.007970883,sh603113
2024-05-08,7.92,8.01,7.82,7.83,5594183,39657286,847948737,0.006597313,sh603113
2024-05-09,7.86,8.07,7.84,8.01,8389000,60287240,847948737,0.009893287,sh603113
2024-05-10,8.01,8.06,7.89,7.93,6165000,43948183,847948737,0.007270487,sh603113
2024-05-13,7.92,7.92,7.76,7.83,6131000,43093186,847948737,0.00723039,sh603113
2024-05-14,7.81,7.91,7.74,7.75,4505200,31467395,847948737,0.005313057,sh603113
2024-05-15,7.75,7.83,7.67,7.72,4224300,29329347,847948737,0.004981787,sh603113
2024-05-16,7.75,7.92,7.75,7.82,6552400,46194348,847948737,0.007727354,sh603113
2024-05-17,7.75,7.9,7.74,7.86,4412700,30929678,847948737,0.00520397,sh603113
2024-05-20,7.86,8.04,7.86,7.96,7751700,55365220,847948737,0.009141708,sh603113
2024-05-21,7.96,8.02,7.89,7.93,5275900,37580983,847948737,0.006221956,sh603113
2024-05-22,7.95,8.05,7.86,7.9,5696100,40606847,847948737,0.006717505,sh603113
2024-05-23,7.89,7.9,7.57,7.61,7906100,54345244,847948737,0.009323795,sh603113
2024-05-24,7.62,7.7,7.58,7.6,5216700,35748601,847948737,0.006152141,sh603113
2024-05-27,7.53,7.66,7.48,7.58,5824500,39399194,847948737,0.006868929,sh603113
2024-05-28,7.55,7.65,7.5,7.54,4149700,28112263,847948737,0.00489381,sh603113
2024-05-29,7.52,7.65,7.47,7.54,5513400,37436908,847948937,0.006502042,sh603113
2024-05-30,7.48,7.62,7.48,7.48,5447300,36800289,847948937,0.00642409,sh603113
2024-05-31,7.52,7.56,7.44,7.48,4597400,30869480,847948937,0.005421789,sh603113
